name	taxonomy_id	taxonomy_lvl	kraken_assigned_reads	added_reads	new_est_reads	fraction_total_reads
species_451	451	S	91	2	93	0.00093
species_702	702	S	91	3	94	0.00094
species_144	144	S	89	1	90	0.00090
species_292	292	S	88	0	88	0.00088
species_1900	1900	S	88	0	88	0.00088
species_2337	2337	S	87	0	87	0.00087
species_692	692	S	87	0	87	0.00087
species_2269	2269	S	85	0	85	0.00085
species_962	962	S	85	0	85	0.00085
species_187	187	S	85	1	86	0.00086
species_1549	1549	S	84	0	84	0.00084
species_28	28	S	84	5	89	0.00089
species_1460	1460	S	84	1	85	0.00085
species_2160	2160	S	83	4	87	0.00087
species_361	361	S	82	0	82	0.00082
species_1748	1748	S	82	0	82	0.00082
species_1446	1446	S	82	1	83	0.00083
species_1267	1267	S	82	1	83	0.00083
species_1916	1916	S	82	0	82	0.00082
species_172	172	S	82	0	82	0.00082
species_14	14	S	82	0	82	0.00082
species_1822	1822	S	81	0	81	0.00081
species_672	672	S	81	1	82	0.00082
species_2411	2411	S	81	1	82	0.00082
species_247	247	S	81	0	81	0.00081
species_721	721	S	81	2	83	0.00083
species_1105	1105	S	80	0	80	0.00080
species_2074	2074	S	80	0	80	0.00080
species_2049	2049	S	80	0	80	0.00080
species_183	183	S	79	0	79	0.00079
species_160	160	S	79	0	79	0.00079
species_1355	1355	S	79	0	79	0.00079
species_1399	1399	S	79	0	79	0.00079
species_1414	1414	S	79	0	79	0.00079
species_301	301	S	79	0	79	0.00079
species_1571	1571	S	79	0	79	0.00079
species_2270	2270	S	79	0	79	0.00079
species_2083	2083	S	79	3	82	0.00082
species_682	682	S	79	0	79	0.00079
species_456	456	S	79	0	79	0.00079
species_2398	2398	S	79	5	84	0.00084
species_405	405	S	78	0	78	0.00078
species_521	521	S	78	3	81	0.00081
species_2282	2282	S	78	0	78	0.00078
species_158	158	S	78	2	80	0.00080
species_942	942	S	78	0	78	0.00078
species_2120	2120	S	78	2	80	0.00080
species_2006	2006	S	78	0	78	0.00078
species_2436	2436	S	78	0	78	0.00078
species_1261	1261	S	78	7	85	0.00085
species_1270	1270	S	78	2	80	0.00080
species_2	2	S	77	0	77	0.00077
species_613	613	S	77	0	77	0.00077
species_847	847	S	77	1	78	0.00078
species_1917	1917	S	77	1	78	0.00078
species_2222	2222	S	77	0	77	0.00077
species_1947	1947	S	77	1	78	0.00078
species_1144	1144	S	77	0	77	0.00077
species_1209	1209	S	77	1	78	0.00078
species_1707	1707	S	77	0	77	0.00077
species_2493	2493	S	77	0	77	0.00077
species_18	18	S	77	0	77	0.00077
species_1784	1784	S	77	0	77	0.00077
species_986	986	S	76	2	78	0.00078
species_1910	1910	S	76	0	76	0.00076
species_2492	2492	S	76	0	76	0.00076
species_1153	1153	S	76	3	79	0.00079
species_431	431	S	76	0	76	0.00076
species_467	467	S	76	0	76	0.00076
species_1234	1234	S	76	0	76	0.00076
species_1935	1935	S	76	0	76	0.00076
species_11	11	S	76	0	76	0.00076
species_1489	1489	S	76	0	76	0.00076
species_1898	1898	S	76	0	76	0.00076
species_835	835	S	76	1	77	0.00077
species_396	396	S	76	3	79	0.00079
species_1950	1950	S	76	3	79	0.00079
species_403	403	S	76	0	76	0.00076
species_302	302	S	76	0	76	0.00076
species_2141	2141	S	76	0	76	0.00076
species_1289	1289	S	76	4	80	0.00080
species_1334	1334	S	76	1	77	0.00077
species_1884	1884	S	76	0	76	0.00076
species_651	651	S	76	0	76	0.00076
species_2457	2457	S	76	0	76	0.00076
species_767	767	S	76	4	80	0.00080
species_2335	2335	S	76	3	79	0.00079
species_552	552	S	75	0	75	0.00075
species_170	170	S	75	0	75	0.00075
species_249	249	S	75	0	75	0.00075
species_2365	2365	S	75	0	75	0.00075
species_253	253	S	75	0	75	0.00075
species_2505	2505	S	75	0	75	0.00075
species_1639	1639	S	75	0	75	0.00075
species_1958	1958	S	75	0	75	0.00075
species_900	900	S	75	1	76	0.00076
species_2086	2086	S	75	0	75	0.00075
species_1112	1112	S	75	1	76	0.00076
species_346	346	S	75	0	75	0.00075
species_944	944	S	75	0	75	0.00075
species_2302	2302	S	75	1	76	0.00076
species_623	623	S	75	3	78	0.00078
species_1886	1886	S	75	0	75	0.00075
species_1590	1590	S	75	0	75	0.00075
species_25	25	S	75	0	75	0.00075
species_445	445	S	74	0	74	0.00074
species_936	936	S	74	0	74	0.00074
species_629	629	S	74	1	75	0.00075
species_1825	1825	S	74	0	74	0.00074
species_294	294	S	74	0	74	0.00074
species_831	831	S	74	0	74	0.00074
species_2139	2139	S	74	0	74	0.00074
species_1952	1952	S	74	9	83	0.00083
species_547	547	S	74	0	74	0.00074
species_1844	1844	S	74	2	76	0.00076
species_1977	1977	S	74	0	74	0.00074
species_2286	2286	S	74	0	74	0.00074
species_465	465	S	74	0	74	0.00074
species_507	507	S	74	0	74	0.00074
species_2298	2298	S	74	0	74	0.00074
species_337	337	S	74	0	74	0.00074
species_845	845	S	74	1	75	0.00075
species_159	159	S	74	4	78	0.00078
species_2205	2205	S	74	0	74	0.00074
species_1192	1192	S	73	5	78	0.00078
species_1171	1171	S	73	0	73	0.00073
species_430	430	S	73	0	73	0.00073
species_2441	2441	S	73	0	73	0.00073
species_1367	1367	S	73	0	73	0.00073
species_1168	1168	S	73	0	73	0.00073
species_1357	1357	S	73	2	75	0.00075
species_2051	2051	S	73	2	75	0.00075
species_2157	2157	S	73	0	73	0.00073
species_2005	2005	S	73	1	74	0.00074
species_805	805	S	73	4	77	0.00077
species_1135	1135	S	73	0	73	0.00073
species_2491	2491	S	73	3	76	0.00076
species_414	414	S	73	0	73	0.00073
species_1717	1717	S	73	0	73	0.00073
species_311	311	S	73	2	75	0.00075
species_946	946	S	73	0	73	0.00073
species_1263	1263	S	73	0	73	0.00073
species_1457	1457	S	73	0	73	0.00073
species_2465	2465	S	73	0	73	0.00073
species_1515	1515	S	73	0	73	0.00073
species_1531	1531	S	73	4	77	0.00077
species_1899	1899	S	73	0	73	0.00073
species_1444	1444	S	73	0	73	0.00073
species_1955	1955	S	73	0	73	0.00073
species_1421	1421	S	73	1	74	0.00074
species_115	115	S	73	1	74	0.00074
species_2475	2475	S	72	0	72	0.00072
species_1449	1449	S	72	1	73	0.00073
species_2073	2073	S	72	0	72	0.00072
species_1339	1339	S	72	0	72	0.00072
species_1176	1176	S	72	0	72	0.00072
species_1291	1291	S	72	0	72	0.00072
species_981	981	S	72	0	72	0.00072
species_1278	1278	S	72	0	72	0.00072
species_1331	1331	S	72	0	72	0.00072
species_617	617	S	72	1	73	0.00073
species_2058	2058	S	72	0	72	0.00072
species_871	871	S	72	0	72	0.00072
species_442	442	S	72	0	72	0.00072
species_1845	1845	S	72	3	75	0.00075
species_291	291	S	72	0	72	0.00072
species_1448	1448	S	72	1	73	0.00073
species_2260	2260	S	72	0	72	0.00072
species_774	774	S	72	4	76	0.00076
species_33	33	S	72	2	74	0.00074
species_1053	1053	S	72	5	77	0.00077
species_1018	1018	S	72	1	73	0.00073
species_693	693	S	72	0	72	0.00072
species_1060	1060	S	72	0	72	0.00072
species_1897	1897	S	72	2	74	0.00074
species_35	35	S	72	0	72	0.00072
species_1865	1865	S	72	1	73	0.00073
species_70	70	S	72	6	78	0.00078
species_1082	1082	S	72	0	72	0.00072
species_1247	1247	S	72	2	74	0.00074
species_2107	2107	S	72	0	72	0.00072
species_1106	1106	S	72	0	72	0.00072
species_17	17	S	72	5	77	0.00077
species_313	313	S	71	3	74	0.00074
species_178	178	S	71	3	74	0.00074
species_1927	1927	S	71	1	72	0.00072
species_584	584	S	71	0	71	0.00071
species_483	483	S	71	2	73	0.00073
species_1177	1177	S	71	2	73	0.00073
species_156	156	S	71	5	76	0.00076
species_371	371	S	71	0	71	0.00071
species_604	604	S	71	3	74	0.00074
species_931	931	S	71	0	71	0.00071
species_1741	1741	S	71	2	73	0.00073
species_1086	1086	S	71	0	71	0.00071
species_949	949	S	71	0	71	0.00071
species_980	980	S	71	0	71	0.00071
species_2340	2340	S	71	0	71	0.00071
species_789	789	S	71	0	71	0.00071
species_276	276	S	71	3	74	0.00074
species_802	802	S	71	0	71	0.00071
species_281	281	S	71	1	72	0.00072
species_286	286	S	71	0	71	0.00071
species_2439	2439	S	71	0	71	0.00071
species_1354	1354	S	71	3	74	0.00074
species_1987	1987	S	71	0	71	0.00071
species_1650	1650	S	71	0	71	0.00071
species_1694	1694	S	71	0	71	0.00071
species_549	549	S	71	2	73	0.00073
species_1279	1279	S	71	0	71	0.00071
species_518	518	S	71	1	72	0.00072
species_553	553	S	71	1	72	0.00072
species_270	270	S	70	7	77	0.00077
species_231	231	S	70	12	82	0.00082
species_161	161	S	70	0	70	0.00070
species_1727	1727	S	70	0	70	0.00070
species_2165	2165	S	70	0	70	0.00070
species_2388	2388	S	70	2	72	0.00072
species_2408	2408	S	70	2	72	0.00072
species_1344	1344	S	70	0	70	0.00070
species_2252	2252	S	70	0	70	0.00070
species_1348	1348	S	70	0	70	0.00070
species_694	694	S	70	0	70	0.00070
species_240	240	S	70	0	70	0.00070
species_939	939	S	70	0	70	0.00070
species_1351	1351	S	70	1	71	0.00071
species_27	27	S	70	1	71	0.00071
species_1758	1758	S	70	0	70	0.00070
species_251	251	S	70	2	72	0.00072
species_1763	1763	S	70	1	71	0.00071
species_1888	1888	S	70	0	70	0.00070
species_423	423	S	70	3	73	0.00073
species_418	418	S	70	0	70	0.00070
species_2147	2147	S	70	3	73	0.00073
species_2148	2148	S	70	0	70	0.00070
species_1846	1846	S	70	0	70	0.00070
species_812	812	S	70	0	70	0.00070
species_162	162	S	70	0	70	0.00070
species_2044	2044	S	70	1	71	0.00071
species_1241	1241	S	70	0	70	0.00070
species_1250	1250	S	70	0	70	0.00070
species_2464	2464	S	70	0	70	0.00070
species_2394	2394	S	70	0	70	0.00070
species_728	728	S	70	1	71	0.00071
species_2030	2030	S	70	0	70	0.00070
species_411	411	S	69	0	69	0.00069
species_1519	1519	S	69	0	69	0.00069
species_561	561	S	69	2	71	0.00071
species_544	544	S	69	0	69	0.00069
species_1821	1821	S	69	0	69	0.00069
species_2046	2046	S	69	5	74	0.00074
species_224	224	S	69	4	73	0.00073
species_117	117	S	69	0	69	0.00069
species_2256	2256	S	69	3	72	0.00072
species_326	326	S	69	0	69	0.00069
species_2266	2266	S	69	0	69	0.00069
species_1378	1378	S	69	1	70	0.00070
species_298	298	S	69	0	69	0.00069
species_677	677	S	69	0	69	0.00069
species_1635	1635	S	69	0	69	0.00069
species_82	82	S	69	0	69	0.00069
species_665	665	S	69	1	70	0.00070
species_2034	2034	S	69	0	69	0.00069
species_652	652	S	69	0	69	0.00069
species_2368	2368	S	69	3	72	0.00072
species_1544	1544	S	69	0	69	0.00069
species_2216	2216	S	69	0	69	0.00069
species_1623	1623	S	69	0	69	0.00069
species_705	705	S	69	2	71	0.00071
species_157	157	S	69	0	69	0.00069
species_2081	2081	S	69	0	69	0.00069
species_904	904	S	69	0	69	0.00069
species_1330	1330	S	69	0	69	0.00069
species_2060	2060	S	69	0	69	0.00069
species_154	154	S	69	0	69	0.00069
species_910	910	S	69	1	70	0.00070
species_393	393	S	69	1	70	0.00070
species_530	530	S	69	0	69	0.00069
species_1989	1989	S	69	0	69	0.00069
species_390	390	S	69	1	70	0.00070
species_389	389	S	69	0	69	0.00069
species_1349	1349	S	69	2	71	0.00071
species_2101	2101	S	69	0	69	0.00069
species_1535	1535	S	69	0	69	0.00069
species_339	339	S	69	2	71	0.00071
species_2223	2223	S	68	1	69	0.00069
species_653	653	S	68	0	68	0.00068
species_444	444	S	68	2	70	0.00070
species_2070	2070	S	68	1	69	0.00069
species_1752	1752	S	68	0	68	0.00068
species_586	586	S	68	0	68	0.00068
species_24	24	S	68	4	72	0.00072
species_879	879	S	68	1	69	0.00069
species_463	463	S	68	0	68	0.00068
species_2258	2258	S	68	0	68	0.00068
species_2379	2379	S	68	2	70	0.00070
species_9	9	S	68	0	68	0.00068
species_968	968	S	68	17	85	0.00085
species_26	26	S	68	0	68	0.00068
species_1323	1323	S	68	1	69	0.00069
species_1304	1304	S	68	1	69	0.00069
species_1290	1290	S	68	0	68	0.00068
species_1379	1379	S	68	15	83	0.00083
species_310	310	S	68	0	68	0.00068
species_2037	2037	S	68	0	68	0.00068
species_229	229	S	68	2	70	0.00070
species_1419	1419	S	68	0	68	0.00068
species_335	335	S	68	1	69	0.00069
species_1847	1847	S	68	2	70	0.00070
species_1498	1498	S	68	0	68	0.00068
species_1848	1848	S	68	0	68	0.00068
species_1634	1634	S	68	0	68	0.00068
species_1908	1908	S	68	0	68	0.00068
species_155	155	S	68	1	69	0.00069
species_134	134	S	68	2	70	0.00070
species_147	147	S	68	2	70	0.00070
species_1597	1597	S	68	0	68	0.00068
species_2133	2133	S	68	0	68	0.00068
species_990	990	S	68	6	74	0.00074
species_1603	1603	S	68	1	69	0.00069
species_1600	1600	S	68	0	68	0.00068
species_2474	2474	S	67	10	77	0.00077
species_1991	1991	S	67	4	71	0.00071
species_1843	1843	S	67	1	68	0.00068
species_233	233	S	67	0	67	0.00067
species_1392	1392	S	67	0	67	0.00067
species_1981	1981	S	67	0	67	0.00067
species_1609	1609	S	67	0	67	0.00067
species_254	254	S	67	4	71	0.00071
species_259	259	S	67	1	68	0.00068
species_2483	2483	S	67	0	67	0.00067
species_1418	1418	S	67	3	70	0.00070
species_223	223	S	67	2	69	0.00069
species_563	563	S	67	0	67	0.00067
species_1429	1429	S	67	1	68	0.00068
species_1804	1804	S	67	0	67	0.00067
species_566	566	S	67	0	67	0.00067
species_1807	1807	S	67	1	68	0.00068
species_1483	1483	S	67	0	67	0.00067
species_1618	1618	S	67	0	67	0.00067
species_1931	1931	S	67	0	67	0.00067
species_1889	1889	S	67	1	68	0.00068
species_1518	1518	S	67	6	73	0.00073
species_2290	2290	S	67	0	67	0.00067
species_10	10	S	67	0	67	0.00067
species_928	928	S	67	3	70	0.00070
species_341	341	S	67	2	69	0.00069
species_881	881	S	67	0	67	0.00067
species_2497	2497	S	67	1	68	0.00068
species_1164	1164	S	67	0	67	0.00067
species_357	357	S	67	1	68	0.00068
species_1823	1823	S	67	2	69	0.00069
species_1729	1729	S	67	10	77	0.00077
species_1128	1128	S	67	1	68	0.00068
species_536	536	S	67	1	68	0.00068
species_378	378	S	67	0	67	0.00067
species_22	22	S	67	1	68	0.00068
species_932	932	S	67	1	68	0.00068
species_1108	1108	S	67	2	69	0.00069
species_383	383	S	67	1	68	0.00068
species_388	388	S	67	0	67	0.00067
species_2145	2145	S	67	0	67	0.00067
species_991	991	S	67	1	68	0.00068
species_2025	2025	S	67	0	67	0.00067
species_1200	1200	S	67	0	67	0.00067
species_2047	2047	S	67	4	71	0.00071
species_859	859	S	67	0	67	0.00067
species_1305	1305	S	67	0	67	0.00067
species_2003	2003	S	67	1	68	0.00068
species_502	502	S	67	0	67	0.00067
species_504	504	S	67	0	67	0.00067
species_1712	1712	S	66	3	69	0.00069
species_844	844	S	66	0	66	0.00066
species_1887	1887	S	66	0	66	0.00066
species_1100	1100	S	66	3	69	0.00069
species_1580	1580	S	66	1	67	0.00067
species_1837	1837	S	66	0	66	0.00066
species_1584	1584	S	66	0	66	0.00066
species_2127	2127	S	66	16	82	0.00082
species_2002	2002	S	66	0	66	0.00066
species_1608	1608	S	66	0	66	0.00066
species_2176	2176	S	66	0	66	0.00066
species_903	903	S	66	0	66	0.00066
species_1875	1875	S	66	1	67	0.00067
species_1393	1393	S	66	1	67	0.00067
species_1621	1621	S	66	1	67	0.00067
species_1545	1545	S	66	0	66	0.00066
species_1231	1231	S	66	1	67	0.00067
species_2094	2094	S	66	5	71	0.00071
species_1627	1627	S	66	3	69	0.00069
species_722	722	S	66	0	66	0.00066
species_1133	1133	S	66	0	66	0.00066
species_1225	1225	S	66	0	66	0.00066
species_2288	2288	S	66	0	66	0.00066
species_856	856	S	66	0	66	0.00066
species_1422	1422	S	66	0	66	0.00066
species_1491	1491	S	66	2	68	0.00068
species_2276	2276	S	66	0	66	0.00066
species_1720	1720	S	66	1	67	0.00067
species_314	314	S	66	0	66	0.00066
species_2395	2395	S	66	0	66	0.00066
species_120	120	S	66	0	66	0.00066
species_121	121	S	66	0	66	0.00066
species_428	428	S	66	4	70	0.00070
species_419	419	S	66	0	66	0.00066
species_460	460	S	66	0	66	0.00066
species_2364	2364	S	66	0	66	0.00066
species_137	137	S	66	0	66	0.00066
species_471	471	S	66	0	66	0.00066
species_138	138	S	66	5	71	0.00071
species_309	309	S	66	2	68	0.00068
species_45	45	S	66	5	71	0.00071
species_509	509	S	66	0	66	0.00066
species_202	202	S	66	9	75	0.00075
species_5	5	S	66	7	73	0.00073
species_534	534	S	66	0	66	0.00066
species_367	367	S	66	0	66	0.00066
species_546	546	S	66	0	66	0.00066
species_168	168	S	66	0	66	0.00066
species_559	559	S	66	4	70	0.00070
species_2448	2448	S	66	0	66	0.00066
species_1711	1711	S	65	0	65	0.00065
species_450	450	S	65	1	66	0.00066
species_1975	1975	S	65	1	66	0.00066
species_1879	1879	S	65	1	66	0.00066
species_453	453	S	65	0	65	0.00065
species_2023	2023	S	65	0	65	0.00065
species_295	295	S	65	3	68	0.00068
species_466	466	S	65	0	65	0.00065
species_783	783	S	65	1	66	0.00066
species_475	475	S	65	0	65	0.00065
species_1652	1652	S	65	0	65	0.00065
species_59	59	S	65	2	67	0.00067
species_1664	1664	S	65	3	68	0.00068
species_2250	2250	S	65	1	66	0.00066
species_819	819	S	65	2	67	0.00067
species_165	165	S	65	3	68	0.00068
species_330	330	S	65	0	65	0.00065
species_347	347	S	65	0	65	0.00065
species_353	353	S	65	1	66	0.00066
species_328	328	S	65	0	65	0.00065
species_1507	1507	S	65	0	65	0.00065
species_182	182	S	65	2	67	0.00067
species_2043	2043	S	65	0	65	0.00065
species_1131	1131	S	65	1	66	0.00066
species_209	209	S	65	1	66	0.00066
species_380	380	S	65	1	66	0.00066
species_211	211	S	65	3	68	0.00068
species_2178	2178	S	65	0	65	0.00065
species_163	163	S	65	1	66	0.00066
species_398	398	S	65	0	65	0.00065
species_2032	2032	S	65	0	65	0.00065
species_412	412	S	65	0	65	0.00065
species_1577	1577	S	65	2	67	0.00067
species_1006	1006	S	65	0	65	0.00065
species_1004	1004	S	65	0	65	0.00065
species_2029	2029	S	65	0	65	0.00065
species_421	421	S	65	0	65	0.00065
species_2026	2026	S	65	2	67	0.00067
species_427	427	S	65	0	65	0.00065
species_1817	1817	S	65	0	65	0.00065
species_16	16	S	65	1	66	0.00066
species_756	756	S	65	4	69	0.00069
species_234	234	S	65	0	65	0.00065
species_2271	2271	S	65	0	65	0.00065
species_264	264	S	65	3	68	0.00068
species_643	643	S	65	2	67	0.00067
species_2454	2454	S	65	0	65	0.00065
species_2363	2363	S	65	3	68	0.00068
species_1384	1384	S	65	2	67	0.00067
species_1041	1041	S	64	0	64	0.00064
species_1815	1815	S	64	2	66	0.00066
species_1562	1562	S	64	3	67	0.00067
species_1264	1264	S	64	0	64	0.00064
species_681	681	S	64	2	66	0.00066
species_477	477	S	64	0	64	0.00064
species_1566	1566	S	64	2	66	0.00066
species_2229	2229	S	64	1	65	0.00065
species_1654	1654	S	64	3	67	0.00067
species_152	152	S	64	3	67	0.00067
species_858	858	S	64	2	66	0.00066
species_488	488	S	64	1	65	0.00065
species_216	216	S	64	0	64	0.00064
species_1087	1087	S	64	6	70	0.00070
species_667	667	S	64	0	64	0.00064
species_1385	1385	S	64	2	66	0.00066
species_218	218	S	64	0	64	0.00064
species_2213	2213	S	64	1	65	0.00065
species_76	76	S	64	0	64	0.00064
species_1021	1021	S	64	0	64	0.00064
species_902	902	S	64	3	67	0.00067
species_77	77	S	64	6	70	0.00070
species_1014	1014	S	64	1	65	0.00065
species_906	906	S	64	0	64	0.00064
species_1011	1011	S	64	1	65	0.00065
species_8	8	S	64	0	64	0.00064
species_2021	2021	S	64	2	66	0.00066
species_1360	1360	S	64	0	64	0.00064
species_2476	2476	S	64	0	64	0.00064
species_426	426	S	64	2	66	0.00066
species_979	979	S	64	0	64	0.00064
species_974	974	S	64	5	69	0.00069
species_1374	1374	S	64	1	65	0.00065
species_808	808	S	64	2	66	0.00066
species_522	522	S	64	1	65	0.00065
species_2409	2409	S	64	0	64	0.00064
species_1466	1466	S	64	0	64	0.00064
species_280	280	S	64	1	65	0.00065
species_1215	1215	S	64	2	66	0.00066
species_2467	2467	S	64	0	64	0.00064
species_1124	1124	S	64	2	66	0.00066
species_1686	1686	S	64	0	64	0.00064
species_2264	2264	S	64	0	64	0.00064
species_1408	1408	S	64	0	64	0.00064
species_173	173	S	64	0	64	0.00064
species_1482	1482	S	64	0	64	0.00064
species_1530	1530	S	64	0	64	0.00064
species_1700	1700	S	64	1	65	0.00065
species_548	548	S	64	0	64	0.00064
species_252	252	S	64	0	64	0.00064
species_1827	1827	S	64	3	67	0.00067
species_1949	1949	S	64	0	64	0.00064
species_277	277	S	64	3	67	0.00067
species_2080	2080	S	63	0	63	0.00063
species_329	329	S	63	0	63	0.00063
species_999	999	S	63	3	66	0.00066
species_1358	1358	S	63	8	71	0.00071
species_2152	2152	S	63	0	63	0.00063
species_995	995	S	63	2	65	0.00065
species_420	420	S	63	0	63	0.00063
species_1598	1598	S	63	0	63	0.00063
species_1481	1481	S	63	2	65	0.00065
species_2054	2054	S	63	0	63	0.00063
species_2360	2360	S	63	0	63	0.00063
species_273	273	S	63	1	64	0.00064
species_257	257	S	63	0	63	0.00063
species_1604	1604	S	63	0	63	0.00063
species_386	386	S	63	0	63	0.00063
species_143	143	S	63	11	74	0.00074
species_1904	1904	S	63	0	63	0.00063
species_381	381	S	63	0	63	0.00063
species_2407	2407	S	63	0	63	0.00063
species_1107	1107	S	63	0	63	0.00063
species_394	394	S	63	0	63	0.00063
species_624	624	S	63	0	63	0.00063
species_2114	2114	S	63	4	67	0.00067
species_2100	2100	S	63	1	64	0.00064
species_2317	2317	S	63	0	63	0.00063
species_2344	2344	S	63	0	63	0.00063
species_2138	2138	S	63	1	64	0.00064
species_248	248	S	63	3	66	0.00066
species_1229	1229	S	63	0	63	0.00063
species_1140	1140	S	63	0	63	0.00063
species_306	306	S	63	0	63	0.00063
species_2146	2146	S	63	1	64	0.00064
species_1142	1142	S	63	0	63	0.00063
species_325	325	S	63	0	63	0.00063
species_448	448	S	63	0	63	0.00063
species_2015	2015	S	63	4	67	0.00067
species_484	484	S	63	5	68	0.00068
species_2007	2007	S	63	0	63	0.00063
species_69	69	S	63	6	69	0.00069
species_1325	1325	S	63	3	66	0.00066
species_1833	1833	S	63	0	63	0.00063
species_1413	1413	S	63	4	67	0.00067
species_520	520	S	63	1	64	0.00064
species_830	830	S	63	2	65	0.00065
species_1679	1679	S	63	0	63	0.00063
species_2489	2489	S	63	0	63	0.00063
species_265	265	S	63	0	63	0.00063
species_222	222	S	63	1	64	0.00064
species_1406	1406	S	63	2	65	0.00065
species_454	454	S	63	0	63	0.00063
species_2261	2261	S	63	0	63	0.00063
species_777	777	S	63	0	63	0.00063
species_550	550	S	63	0	63	0.00063
species_2384	2384	S	63	2	65	0.00065
species_1184	1184	S	62	0	62	0.00062
species_2280	2280	S	62	0	62	0.00062
species_1812	1812	S	62	3	65	0.00065
species_2438	2438	S	62	0	62	0.00062
species_1251	1251	S	62	3	65	0.00065
species_735	735	S	62	0	62	0.00062
species_1830	1830	S	62	4	66	0.00066
species_1187	1187	S	62	1	63	0.00063
species_1488	1488	S	62	0	62	0.00062
species_1536	1536	S	62	1	63	0.00063
species_1540	1540	S	62	0	62	0.00062
species_290	290	S	62	0	62	0.00062
species_274	274	S	62	0	62	0.00062
species_1732	1732	S	62	3	65	0.00065
species_1262	1262	S	62	0	62	0.00062
species_146	146	S	62	0	62	0.00062
species_1713	1713	S	62	2	64	0.00064
species_2218	2218	S	62	0	62	0.00062
species_1048	1048	S	62	1	63	0.00063
species_447	447	S	62	0	62	0.00062
species_2249	2249	S	62	0	62	0.00062
species_1163	1163	S	62	7	69	0.00069
species_50	50	S	62	1	63	0.00063
species_746	746	S	62	5	67	0.00067
species_1166	1166	S	62	0	62	0.00062
species_177	177	S	62	3	65	0.00065
species_2042	2042	S	62	0	62	0.00062
species_1143	1143	S	62	2	64	0.00064
species_232	232	S	62	0	62	0.00062
species_1682	1682	S	62	3	65	0.00065
species_1328	1328	S	62	1	63	0.00063
species_780	780	S	62	1	63	0.00063
species_813	813	S	62	0	62	0.00062
species_374	374	S	62	0	62	0.00062
species_2091	2091	S	62	0	62	0.00062
species_825	825	S	62	1	63	0.00063
species_174	174	S	62	0	62	0.00062
species_1456	1456	S	62	0	62	0.00062
species_203	203	S	62	2	64	0.00064
species_1218	1218	S	62	2	64	0.00064
species_1972	1972	S	62	1	63	0.00063
species_1426	1426	S	62	1	63	0.00063
species_1015	1015	S	62	1	63	0.00063
species_2362	2362	S	62	2	64	0.00064
species_1009	1009	S	62	2	64	0.00064
species_2154	2154	S	62	3	65	0.00065
species_1959	1959	S	62	0	62	0.00062
species_2504	2504	S	62	8	70	0.00070
species_595	595	S	62	0	62	0.00062
species_1019	1019	S	62	0	62	0.00062
species_684	684	S	62	0	62	0.00062
species_2486	2486	S	62	1	63	0.00063
species_1882	1882	S	62	0	62	0.00062
species_221	221	S	62	1	63	0.00063
species_958	958	S	62	1	63	0.00063
species_1428	1428	S	62	0	62	0.00062
species_1585	1585	S	62	0	62	0.00062
species_1592	1592	S	62	3	65	0.00065
species_74	74	S	62	0	62	0.00062
species_139	139	S	62	1	63	0.00063
species_449	449	S	62	1	63	0.00063
species_478	478	S	62	2	64	0.00064
species_707	707	S	62	4	66	0.00066
species_1753	1753	S	62	1	63	0.00063
species_73	73	S	62	2	64	0.00064
species_2306	2306	S	61	0	61	0.00061
species_116	116	S	61	0	61	0.00061
species_695	695	S	61	0	61	0.00061
species_1283	1283	S	61	3	64	0.00064
species_2088	2088	S	61	0	61	0.00061
species_2247	2247	S	61	2	63	0.00063
species_2426	2426	S	61	0	61	0.00061
species_370	370	S	61	2	63	0.00063
species_1593	1593	S	61	1	62	0.00062
species_424	424	S	61	2	63	0.00063
species_627	627	S	61	1	62	0.00062
species_1824	1824	S	61	1	62	0.00062
species_94	94	S	61	0	61	0.00061
species_1743	1743	S	61	0	61	0.00061
species_1820	1820	S	61	0	61	0.00061
species_7	7	S	61	0	61	0.00061
species_296	296	S	61	0	61	0.00061
species_434	434	S	61	0	61	0.00061
species_2342	2342	S	61	3	64	0.00064
species_1490	1490	S	61	0	61	0.00061
species_562	562	S	61	0	61	0.00061
species_338	338	S	61	0	61	0.00061
species_299	299	S	61	10	71	0.00071
species_215	215	S	61	4	65	0.00065
species_1642	1642	S	61	4	65	0.00065
species_1739	1739	S	61	2	63	0.00063
species_1094	1094	S	61	0	61	0.00061
species_1534	1534	S	61	0	61	0.00061
species_149	149	S	61	0	61	0.00061
species_1311	1311	S	61	0	61	0.00061
species_321	321	S	61	1	62	0.00062
species_505	505	S	61	0	61	0.00061
species_308	308	S	61	6	67	0.00067
species_2402	2402	S	61	2	63	0.00063
species_1310	1310	S	61	0	61	0.00061
species_1574	1574	S	61	1	62	0.00062
species_1070	1070	S	61	0	61	0.00061
species_2113	2113	S	61	0	61	0.00061
species_1816	1816	S	61	1	62	0.00062
species_1982	1982	S	61	3	64	0.00064
species_625	625	S	61	0	61	0.00061
species_2196	2196	S	61	2	63	0.00063
species_293	293	S	61	0	61	0.00061
species_2240	2240	S	61	0	61	0.00061
species_132	132	S	61	2	63	0.00063
species_1452	1452	S	61	0	61	0.00061
species_171	171	S	61	5	66	0.00066
species_1895	1895	S	61	0	61	0.00061
species_1361	1361	S	61	0	61	0.00061
species_1052	1052	S	61	0	61	0.00061
species_1819	1819	S	61	0	61	0.00061
species_331	331	S	60	1	61	0.00061
species_2018	2018	S	60	0	60	0.00060
species_263	263	S	60	1	61	0.00061
species_1439	1439	S	60	0	60	0.00060
species_1778	1778	S	60	0	60	0.00060
species_2011	2011	S	60	5	65	0.00065
species_1420	1420	S	60	0	60	0.00060
species_226	226	S	60	0	60	0.00060
species_297	297	S	60	5	65	0.00065
species_1956	1956	S	60	8	68	0.00068
species_237	237	S	60	2	62	0.00062
species_1221	1221	S	60	0	60	0.00060
species_212	212	S	60	9	69	0.00069
species_1455	1455	S	60	0	60	0.00060
species_250	250	S	60	3	63	0.00063
species_2038	2038	S	60	5	65	0.00065
species_284	284	S	60	0	60	0.00060
species_305	305	S	60	0	60	0.00060
species_75	75	S	60	0	60	0.00060
species_1674	1674	S	60	0	60	0.00060
species_1829	1829	S	60	0	60	0.00060
species_1834	1834	S	60	0	60	0.00060
species_1657	1657	S	60	1	61	0.00061
species_866	866	S	60	0	60	0.00060
species_1651	1651	S	60	0	60	0.00060
species_1649	1649	S	60	0	60	0.00060
species_888	888	S	60	1	61	0.00061
species_2246	2246	S	60	4	64	0.00064
species_1633	1633	S	60	1	61	0.00061
species_1855	1855	S	60	0	60	0.00060
species_1626	1626	S	60	9	69	0.00069
species_927	927	S	60	0	60	0.00060
species_119	119	S	60	0	60	0.00060
species_938	938	S	60	0	60	0.00060
species_125	125	S	60	4	64	0.00064
species_1049	1049	S	60	6	66	0.00066
species_730	730	S	60	0	60	0.00060
species_648	648	S	60	0	60	0.00060
species_633	633	S	60	0	60	0.00060
species_2326	2326	S	60	0	60	0.00060
species_660	660	S	60	0	60	0.00060
species_1813	1813	S	60	0	60	0.00060
species_2345	2345	S	60	8	68	0.00068
species_1754	1754	S	60	0	60	0.00060
species_23	23	S	60	0	60	0.00060
species_343	343	S	60	5	65	0.00065
species_1730	1730	S	60	0	60	0.00060
species_1725	1725	S	60	0	60	0.00060
species_2499	2499	S	60	0	60	0.00060
species_58	58	S	60	13	73	0.00073
species_764	764	S	60	0	60	0.00060
species_768	768	S	60	0	60	0.00060
species_545	545	S	60	0	60	0.00060
species_826	826	S	60	0	60	0.00060
species_145	145	S	60	0	60	0.00060
species_372	372	S	60	0	60	0.00060
species_1115	1115	S	60	1	61	0.00061
species_169	169	S	60	0	60	0.00060
species_1102	1102	S	60	3	63	0.00063
species_360	360	S	60	2	62	0.00062
species_392	392	S	60	0	60	0.00060
species_2108	2108	S	60	0	60	0.00060
species_1150	1150	S	60	0	60	0.00060
species_181	181	S	60	1	61	0.00061
species_196	196	S	60	2	62	0.00062
species_345	345	S	60	0	60	0.00060
species_1180	1180	S	60	0	60	0.00060
species_198	198	S	60	0	60	0.00060
species_275	275	S	59	0	59	0.00059
species_1117	1117	S	59	0	59	0.00059
species_375	375	S	59	3	62	0.00062
species_2404	2404	S	59	0	59	0.00059
species_2422	2422	S	59	1	60	0.00060
species_2085	2085	S	59	1	60	0.00060
species_1134	1134	S	59	2	61	0.00061
species_241	241	S	59	5	64	0.00064
species_820	820	S	59	4	63	0.00063
species_279	279	S	59	2	61	0.00061
species_1912	1912	S	59	0	59	0.00059
species_1365	1365	S	59	0	59	0.00059
species_1141	1141	S	59	1	60	0.00060
species_1809	1809	S	59	0	59	0.00059
species_1376	1376	S	59	0	59	0.00059
species_1915	1915	S	59	0	59	0.00059
species_572	572	S	59	0	59	0.00059
species_2284	2284	S	59	1	60	0.00060
species_656	656	S	59	3	62	0.00062
species_1759	1759	S	59	6	65	0.00065
species_857	857	S	59	5	64	0.00064
species_1569	1569	S	59	6	65	0.00065
species_1029	1029	S	59	1	60	0.00060
species_1028	1028	S	59	1	60	0.00060
species_1017	1017	S	59	0	59	0.00059
species_1003	1003	S	59	0	59	0.00059
species_996	996	S	59	0	59	0.00059
species_425	425	S	59	2	61	0.00061
species_2168	2168	S	59	0	59	0.00059
species_956	956	S	59	1	60	0.00060
species_2109	2109	S	59	0	59	0.00059
species_1096	1096	S	59	2	61	0.00061
species_316	316	S	59	5	64	0.00064
species_1238	1238	S	59	0	59	0.00059
species_486	486	S	59	0	59	0.00059
species_1309	1309	S	59	0	59	0.00059
species_2105	2105	S	59	4	63	0.00063
species_2200	2200	S	59	5	64	0.00064
species_1101	1101	S	59	5	64	0.00064
species_225	225	S	58	0	58	0.00058
species_1236	1236	S	58	0	58	0.00058
species_1896	1896	S	58	0	58	0.00058
species_1980	1980	S	58	0	58	0.00058
species_1564	1564	S	58	1	59	0.00059
species_210	210	S	58	5	63	0.00063
species_68	68	S	58	2	60	0.00060
species_1587	1587	S	58	1	59	0.00059
species_1494	1494	S	58	2	60	0.00060
species_1542	1542	S	58	2	60	0.00060
species_1397	1397	S	58	1	59	0.00059
species_1936	1936	S	58	0	58	0.00058
species_191	191	S	58	1	59	0.00059
species_1742	1742	S	58	0	58	0.00058
species_62	62	S	58	7	65	0.00065
species_1467	1467	S	58	3	61	0.00061
species_1876	1876	S	58	0	58	0.00058
species_179	179	S	58	2	60	0.00060
species_1405	1405	S	58	1	59	0.00059
species_106	106	S	58	1	59	0.00059
species_86	86	S	58	4	62	0.00062
species_354	354	S	58	0	58	0.00058
species_748	748	S	58	0	58	0.00058
species_757	757	S	58	5	63	0.00063
species_763	763	S	58	0	58	0.00058
species_317	317	S	58	13	71	0.00071
species_327	327	S	58	1	59	0.00059
species_1214	1214	S	58	0	58	0.00058
species_852	852	S	58	0	58	0.00058
species_2052	2052	S	58	3	61	0.00061
species_863	863	S	58	2	60	0.00060
species_2390	2390	S	58	3	61	0.00061
species_1196	1196	S	58	1	59	0.00059
species_2201	2201	S	58	0	58	0.00058
species_2197	2197	S	58	1	59	0.00059
species_2193	2193	S	58	0	58	0.00058
species_2234	2234	S	58	0	58	0.00058
species_918	918	S	58	0	58	0.00058
species_1159	1159	S	58	2	60	0.00060
species_933	933	S	58	1	59	0.00059
species_937	937	S	58	0	58	0.00058
species_2095	2095	S	58	1	59	0.00059
species_2097	2097	S	58	2	60	0.00060
species_2399	2399	S	58	3	61	0.00061
species_2163	2163	S	58	4	62	0.00062
species_415	415	S	58	1	59	0.00059
species_1090	1090	S	58	1	59	0.00059
species_1081	1081	S	58	3	61	0.00061
species_2116	2116	S	58	0	58	0.00058
species_1010	1010	S	58	12	70	0.00070
species_404	404	S	58	3	61	0.00061
species_734	734	S	58	0	58	0.00058
species_1312	1312	S	58	1	59	0.00059
species_1327	1327	S	58	1	59	0.00059
species_303	303	S	58	0	58	0.00058
species_585	585	S	58	11	69	0.00069
species_1986	1986	S	58	0	58	0.00058
species_1914	1914	S	57	0	57	0.00057
species_736	736	S	57	2	59	0.00059
species_1320	1320	S	57	0	57	0.00057
species_1416	1416	S	57	1	58	0.00058
species_1496	1496	S	57	0	57	0.00057
species_352	352	S	57	0	57	0.00057
species_1854	1854	S	57	4	61	0.00061
species_1391	1391	S	57	3	60	0.00060
species_188	188	S	57	4	61	0.00061
species_1761	1761	S	57	1	58	0.00058
species_1035	1035	S	57	0	57	0.00057
species_356	356	S	57	0	57	0.00057
species_107	107	S	57	0	57	0.00057
species_1381	1381	S	57	0	57	0.00057
species_620	620	S	57	5	62	0.00062
species_1808	1808	S	57	0	57	0.00057
species_377	377	S	57	1	58	0.00058
species_1343	1343	S	57	0	57	0.00057
species_2400	2400	S	57	1	58	0.00058
species_268	268	S	57	4	61	0.00061
species_1772	1772	S	57	2	59	0.00059
species_1806	1806	S	57	4	61	0.00061
species_131	131	S	57	4	61	0.00061
species_127	127	S	57	9	66	0.00066
species_2111	2111	S	57	0	57	0.00057
species_1689	1689	S	57	3	60	0.00060
species_1724	1724	S	57	2	59	0.00059
species_1443	1443	S	57	0	57	0.00057
species_1433	1433	S	57	2	59	0.00059
species_38	38	S	57	0	57	0.00057
species_1248	1248	S	57	3	60	0.00060
species_1242	1242	S	57	0	57	0.00057
species_66	66	S	57	0	57	0.00057
species_593	593	S	57	1	58	0.00058
species_2040	2040	S	57	2	59	0.00059
species_1746	1746	S	57	0	57	0.00057
species_838	838	S	57	1	58	0.00058
species_2292	2292	S	57	0	57	0.00057
species_1287	1287	S	57	7	64	0.00064
species_1842	1842	S	57	0	57	0.00057
species_851	851	S	57	0	57	0.00057
species_1475	1475	S	57	0	57	0.00057
species_1721	1721	S	56	2	58	0.00058
species_410	410	S	56	0	56	0.00056
species_576	576	S	56	0	56	0.00056
species_1008	1008	S	56	2	58	0.00058
species_1696	1696	S	56	1	57	0.00057
species_407	407	S	56	2	58	0.00058
species_703	703	S	56	8	64	0.00064
species_130	130	S	56	4	60	0.00060
species_567	567	S	56	4	60	0.00060
species_1749	1749	S	56	25	81	0.00081
species_406	406	S	56	4	60	0.00060
species_1383	1383	S	56	12	68	0.00068
species_884	884	S	56	9	65	0.00065
species_800	800	S	56	2	58	0.00058
species_1007	1007	S	56	3	59	0.00059
species_989	989	S	56	0	56	0.00056
species_124	124	S	56	6	62	0.00062
species_607	607	S	56	1	57	0.00057
species_975	975	S	56	0	56	0.00056
species_1691	1691	S	56	3	59	0.00059
species_947	947	S	56	8	64	0.00064
species_2318	2318	S	56	0	56	0.00056
species_807	807	S	56	0	56	0.00056
species_2307	2307	S	56	0	56	0.00056
species_935	935	S	56	1	57	0.00057
species_2185	2185	S	56	5	61	0.00061
species_2350	2350	S	56	0	56	0.00056
species_828	828	S	56	1	57	0.00057
species_1559	1559	S	56	1	57	0.00057
species_307	307	S	56	13	69	0.00069
species_1266	1266	S	56	3	59	0.00059
species_304	304	S	56	0	56	0.00056
species_1471	1471	S	56	0	56	0.00056
species_355	355	S	56	0	56	0.00056
species_230	230	S	56	0	56	0.00056
species_2129	2129	S	56	0	56	0.00056
species_1480	1480	S	56	0	56	0.00056
species_2130	2130	S	56	2	58	0.00058
species_2444	2444	S	56	0	56	0.00056
species_332	332	S	56	15	71	0.00071
species_2053	2053	S	56	0	56	0.00056
species_2131	2131	S	56	8	64	0.00064
species_262	262	S	56	3	59	0.00059
species_916	916	S	55	19	74	0.00074
species_1944	1944	S	55	1	56	0.00056
species_1699	1699	S	55	4	59	0.00059
species_1246	1246	S	55	13	68	0.00068
species_2255	2255	S	55	0	55	0.00055
species_476	476	S	55	0	55	0.00055
species_1254	1254	S	55	2	57	0.00057
species_1641	1641	S	55	7	62	0.00062
species_2059	2059	S	55	5	60	0.00060
species_2167	2167	S	55	2	57	0.00057
species_1525	1525	S	55	1	56	0.00056
species_40	40	S	55	1	56	0.00056
species_2287	2287	S	55	0	55	0.00055
species_1555	1555	S	55	2	57	0.00057
species_166	166	S	55	6	61	0.00061
species_1404	1404	S	55	0	55	0.00055
species_685	685	S	55	0	55	0.00055
species_2226	2226	S	54	2	56	0.00056
species_43	43	S	54	13	67	0.00067
species_4	4	S	54	2	56	0.00056
species_626	626	S	54	1	55	0.00055
species_1974	1974	S	54	2	56	0.00056
species_1561	1561	S	54	6	60	0.00060
species_2353	2353	S	54	7	61	0.00061
species_1665	1665	S	54	0	54	0.00054
species_2228	2228	S	54	0	54	0.00054
species_228	228	S	54	0	54	0.00054
species_2008	2008	S	54	0	54	0.00054
species_512	512	S	54	0	54	0.00054
species_523	523	S	54	0	54	0.00054
species_640	640	S	54	1	55	0.00055
species_1697	1697	S	54	0	54	0.00054
species_1297	1297	S	54	10	64	0.00064
species_2291	2291	S	54	15	69	0.00069
species_543	543	S	54	0	54	0.00054
species_1273	1273	S	54	2	56	0.00056
species_217	217	S	54	10	64	0.00064
species_1257	1257	S	54	7	61	0.00061
species_574	574	S	54	6	60	0.00060
species_1162	1162	S	54	0	54	0.00054
species_112	112	S	54	7	61	0.00061
species_359	359	S	54	2	56	0.00056
species_376	376	S	54	1	55	0.00055
species_1526	1526	S	54	0	54	0.00054
species_1596	1596	S	54	0	54	0.00054
species_1089	1089	S	54	1	55	0.00055
species_1537	1537	S	54	2	56	0.00056
species_922	922	S	54	1	55	0.00055
species_2112	2112	S	54	0	54	0.00054
species_2187	2187	S	54	0	54	0.00054
species_397	397	S	54	4	58	0.00058
species_83	83	S	54	3	57	0.00057
species_1026	1026	S	54	0	54	0.00054
species_1046	1046	S	54	2	56	0.00056
species_1039	1039	S	54	0	54	0.00054
species_1091	1091	S	53	1	54	0.00054
species_2341	2341	S	53	0	53	0.00053
species_1145	1145	S	53	1	54	0.00054
species_2084	2084	S	53	4	57	0.00057
species_1521	1521	S	53	2	55	0.00055
species_446	446	S	53	0	53	0.00053
species_239	239	S	53	6	59	0.00059
species_379	379	S	53	1	54	0.00054
species_720	720	S	53	4	57	0.00057
species_1013	1013	S	53	13	66	0.00066
species_1747	1747	S	53	3	56	0.00056
species_1589	1589	S	53	0	53	0.00053
species_1001	1001	S	53	3	56	0.00056
species_1031	1031	S	53	0	53	0.00053
species_1442	1442	S	53	2	55	0.00055
species_278	278	S	53	1	54	0.00054
species_13	13	S	53	0	53	0.00053
species_1056	1056	S	53	2	55	0.00055
species_1335	1335	S	53	0	53	0.00053
species_1624	1624	S	53	0	53	0.00053
species_344	344	S	53	12	65	0.00065
species_71	71	S	53	5	58	0.00058
species_1942	1942	S	53	0	53	0.00053
species_861	861	S	53	4	57	0.00057
species_1838	1838	S	53	0	53	0.00053
species_1478	1478	S	53	6	59	0.00059
species_1611	1611	S	53	1	54	0.00054
species_459	459	S	53	0	53	0.00053
species_1681	1681	S	53	7	60	0.00060
species_2469	2469	S	53	0	53	0.00053
species_358	358	S	53	0	53	0.00053
species_320	320	S	53	19	72	0.00072
species_1692	1692	S	53	4	57	0.00057
species_349	349	S	52	2	54	0.00054
species_1504	1504	S	52	7	59	0.00059
species_1715	1715	S	52	1	53	0.00053
species_135	135	S	52	6	58	0.00058
species_487	487	S	52	0	52	0.00052
species_315	315	S	52	1	53	0.00053
species_2490	2490	S	52	1	53	0.00053
species_1614	1614	S	52	1	53	0.00053
species_622	622	S	52	4	56	0.00056
species_2321	2321	S	52	1	53	0.00053
species_1403	1403	S	52	8	60	0.00060
species_481	481	S	52	0	52	0.00052
species_199	199	S	52	11	63	0.00063
species_645	645	S	52	1	53	0.00053
species_885	885	S	52	10	62	0.00062
species_1726	1726	S	52	0	52	0.00052
species_1103	1103	S	52	0	52	0.00052
species_1619	1619	S	52	1	53	0.00053
species_2039	2039	S	52	0	52	0.00052
species_2169	2169	S	52	0	52	0.00052
species_1440	1440	S	52	0	52	0.00052
species_1883	1883	S	52	0	52	0.00052
species_1436	1436	S	52	2	54	0.00054
species_506	506	S	52	0	52	0.00052
species_1969	1969	S	52	4	56	0.00056
species_1223	1223	S	52	0	52	0.00052
species_840	840	S	52	0	52	0.00052
species_706	706	S	52	0	52	0.00052
species_2432	2432	S	51	1	52	0.00052
species_2377	2377	S	51	6	57	0.00057
species_1811	1811	S	51	4	55	0.00055
species_2387	2387	S	51	5	56	0.00056
species_2184	2184	S	51	1	52	0.00052
species_2343	2343	S	51	4	55	0.00055
species_3	3	S	51	20	71	0.00071
species_2022	2022	S	51	0	51	0.00051
species_797	797	S	51	0	51	0.00051
species_1661	1661	S	51	0	51	0.00051
species_1610	1610	S	51	30	81	0.00081
species_1523	1523	S	51	22	73	0.00073
species_1512	1512	S	51	3	54	0.00054
species_1366	1366	S	51	0	51	0.00051
species_1240	1240	S	51	1	52	0.00052
species_1204	1204	S	51	0	51	0.00051
species_982	982	S	51	10	61	0.00061
species_864	864	S	51	4	55	0.00055
species_829	829	S	51	6	57	0.00057
species_416	416	S	51	18	69	0.00069
species_129	129	S	51	2	53	0.00053
species_402	402	S	51	0	51	0.00051
species_336	336	S	51	2	53	0.00053
species_285	285	S	51	0	51	0.00051
species_15	15	S	50	5	55	0.00055
species_87	87	S	50	13	63	0.00063
species_96	96	S	50	10	60	0.00060
species_1464	1464	S	50	25	75	0.00075
species_1441	1441	S	50	34	84	0.00084
species_1961	1961	S	50	4	54	0.00054
species_1431	1431	S	50	0	50	0.00050
species_220	220	S	50	0	50	0.00050
species_271	271	S	50	6	56	0.00056
species_1210	1210	S	50	1	51	0.00051
species_287	287	S	50	0	50	0.00050
species_899	899	S	50	0	50	0.00050
species_895	895	S	50	0	50	0.00050
species_2103	2103	S	50	2	52	0.00052
species_691	691	S	50	0	50	0.00050
species_2330	2330	S	50	0	50	0.00050
species_573	573	S	50	10	60	0.00060
species_482	482	S	50	3	53	0.00053
species_443	443	S	50	0	50	0.00050
species_362	362	S	49	5	54	0.00054
species_2055	2055	S	49	0	49	0.00049
species_1513	1513	S	49	0	49	0.00049
species_282	282	S	49	0	49	0.00049
species_611	611	S	49	0	49	0.00049
species_2447	2447	S	49	2	51	0.00051
species_1216	1216	S	49	4	53	0.00053
species_267	267	S	49	16	65	0.00065
species_2024	2024	S	49	0	49	0.00049
species_319	319	S	49	0	49	0.00049
species_2150	2150	S	49	2	51	0.00051
species_2181	2181	S	49	27	76	0.00076
species_770	770	S	49	0	49	0.00049
species_2405	2405	S	49	4	53	0.00053
species_391	391	S	49	0	49	0.00049
species_1722	1722	S	49	0	49	0.00049
species_289	289	S	48	3	51	0.00051
species_1594	1594	S	48	4	52	0.00052
species_1606	1606	S	48	15	63	0.00063
species_1085	1085	S	48	5	53	0.00053
species_2310	2310	S	48	3	51	0.00051
species_1303	1303	S	48	5	53	0.00053
species_1863	1863	S	48	19	67	0.00067
species_312	312	S	48	3	51	0.00051
species_439	439	S	48	1	49	0.00049
species_2471	2471	S	48	0	48	0.00048
species_2206	2206	S	48	0	48	0.00048
species_208	208	S	48	16	64	0.00064
species_214	214	S	47	10	57	0.00057
species_2423	2423	S	47	23	70	0.00070
species_1509	1509	S	47	4	51	0.00051
species_1678	1678	S	47	25	72	0.00072
species_1579	1579	S	47	16	63	0.00063
species_90	90	S	47	23	70	0.00070
species_967	967	S	47	8	55	0.00055
species_1701	1701	S	47	0	47	0.00047
species_1232	1232	S	47	13	60	0.00060
species_413	413	S	47	0	47	0.00047
species_1207	1207	S	47	2	49	0.00049
species_1575	1575	S	46	14	60	0.00060
species_1894	1894	S	46	6	52	0.00052
species_1227	1227	S	46	1	47	0.00047
species_1934	1934	S	46	3	49	0.00049
species_48	48	S	46	12	58	0.00058
species_205	205	S	46	4	50	0.00050
species_2296	2296	S	46	23	69	0.00069
species_1484	1484	S	46	0	46	0.00046
species_53	53	S	46	0	46	0.00046
species_348	348	S	46	12	58	0.00058
species_1233	1233	S	45	18	63	0.00063
species_2314	2314	S	45	22	67	0.00067
species_103	103	S	45	11	56	0.00056
species_246	246	S	45	17	62	0.00062
species_1630	1630	S	45	0	45	0.00045
species_1347	1347	S	45	21	66	0.00066
species_351	351	S	44	5	49	0.00049
species_1533	1533	S	44	24	68	0.00068
species_1165	1165	S	44	20	64	0.00064
species_2238	2238	S	44	29	73	0.00073
species_479	479	S	44	4	48	0.00048
species_542	542	S	44	3	47	0.00047
species_1669	1669	S	44	3	47	0.00047
species_1284	1284	S	44	6	50	0.00050
species_1326	1326	S	44	42	86	0.00086
species_440	440	S	43	9	52	0.00052
species_1581	1581	S	43	20	63	0.00063
species_1043	1043	S	43	4	47	0.00047
species_1228	1228	S	43	0	43	0.00043
species_1677	1677	S	42	24	66	0.00066
species_46	46	S	42	10	52	0.00052
species_1643	1643	S	42	19	61	0.00061
species_55	55	S	42	21	63	0.00063
species_992	992	S	42	6	48	0.00048
species_1276	1276	S	41	20	61	0.00061
species_1985	1985	S	41	26	67	0.00067
species_1979	1979	S	41	27	68	0.00068
species_1645	1645	S	41	18	59	0.00059
species_1129	1129	S	41	20	61	0.00061
species_92	92	S	41	16	57	0.00057
species_1118	1118	S	41	17	58	0.00058
species_108	108	S	41	10	51	0.00051
species_1114	1114	S	41	22	63	0.00063
species_2459	2459	S	41	0	41	0.00041
species_779	779	S	39	0	39	0.00039
species_609	609	S	39	30	69	0.00069
species_1814	1814	S	39	10	49	0.00049
species_1181	1181	S	38	3	41	0.00041
species_1127	1127	S	38	25	63	0.00063
species_1047	1047	S	38	16	54	0.00054
species_1068	1068	S	38	31	69	0.00069
species_1059	1059	S	37	16	53	0.00053
species_323	323	S	37	23	60	0.00060
species_1109	1109	S	37	14	51	0.00051
species_848	848	S	36	50	86	0.00086
species_1871	1871	S	35	65	100	0.00100
species_1402	1402	S	35	25	60	0.00060
species_2461	2461	S	35	20	55	0.00055
species_1119	1119	S	35	20	55	0.00055
species_2066	2066	S	35	61	96	0.00096
species_1648	1648	S	35	31	66	0.00066
species_804	804	S	34	20	54	0.00054
species_1203	1203	S	34	17	51	0.00051
species_36	36	S	33	5	38	0.00038
species_56	56	S	32	17	49	0.00049
species_1062	1062	S	31	20	51	0.00051
species_1322	1322	S	31	42	73	0.00073
species_704	704	S	30	45	75	0.00075
species_832	832	S	30	57	87	0.00087
species_769	769	S	30	55	85	0.00085
species_1191	1191	S	30	63	93	0.00093
species_1923	1923	S	29	55	84	0.00084
species_740	740	S	29	35	64	0.00064
species_1314	1314	S	29	69	98	0.00098
species_839	839	S	28	21	49	0.00049
species_711	711	S	28	60	88	0.00088
species_555	555	S	28	26	54	0.00054
species_1620	1620	S	28	57	85	0.00085
species_1905	1905	S	27	48	75	0.00075
species_2462	2462	S	27	44	71	0.00071
species_1450	1450	S	27	40	67	0.00067
species_1862	1862	S	27	92	119	0.00119
species_1775	1775	S	26	64	90	0.00090
species_993	993	S	26	60	86	0.00086
species_1791	1791	S	26	63	89	0.00089
species_1514	1514	S	26	62	88	0.00088
species_1755	1755	S	26	28	54	0.00054
species_1020	1020	S	26	47	73	0.00073
species_1061	1061	S	26	77	103	0.00103
species_2136	2136	S	26	74	100	0.00100
species_1962	1962	S	25	64	89	0.00089
species_1666	1666	S	25	33	58	0.00058
species_2191	2191	S	25	32	57	0.00057
species_1375	1375	S	25	62	87	0.00087
species_1551	1551	S	25	22	47	0.00047
species_1864	1864	S	24	41	65	0.00065
species_2215	2215	S	24	61	85	0.00085
species_1660	1660	S	24	80	104	0.00104
species_579	579	S	23	59	82	0.00082
species_2235	2235	S	23	41	64	0.00064
species_1768	1768	S	23	67	90	0.00090
species_1474	1474	S	23	44	67	0.00067
species_2495	2495	S	23	53	76	0.00076
species_882	882	S	23	83	106	0.00106
species_1126	1126	S	23	83	106	0.00106
species_1999	1999	S	23	72	95	0.00095
species_1064	1064	S	23	48	71	0.00071
species_1994	1994	S	23	59	82	0.00082
species_2414	2414	S	23	95	118	0.00118
species_1997	1997	S	23	61	84	0.00084
species_1546	1546	S	22	57	79	0.00079
species_580	580	S	22	41	63	0.00063
species_822	822	S	22	58	80	0.00080
species_1810	1810	S	22	53	75	0.00075
species_1919	1919	S	22	53	75	0.00075
species_1832	1832	S	22	49	71	0.00071
species_1044	1044	S	21	52	73	0.00073
species_1517	1517	S	21	32	53	0.00053
species_605	605	S	21	45	66	0.00066
species_1767	1767	S	21	52	73	0.00073
species_2349	2349	S	21	55	76	0.00076
species_655	655	S	21	71	92	0.00092
species_2442	2442	S	21	39	60	0.00060
species_1269	1269	S	21	26	47	0.00047
species_2375	2375	S	21	59	80	0.00080
species_1771	1771	S	21	44	65	0.00065
species_1789	1789	S	21	57	78	0.00078
species_2212	2212	S	20	61	81	0.00081
species_1797	1797	S	20	44	64	0.00064
species_1179	1179	S	20	58	78	0.00078
species_893	893	S	20	45	65	0.00065
species_727	727	S	20	53	73	0.00073
species_2503	2503	S	20	67	87	0.00087
species_1653	1653	S	20	38	58	0.00058
species_662	662	S	20	65	85	0.00085
species_1226	1226	S	20	74	94	0.00094
species_1341	1341	S	20	49	69	0.00069
species_1785	1785	S	20	66	86	0.00086
species_1567	1567	S	20	58	78	0.00078
species_751	751	S	20	43	63	0.00063
species_914	914	S	20	38	58	0.00058
species_2231	2231	S	20	44	64	0.00064
species_731	731	S	20	50	70	0.00070
species_2446	2446	S	19	58	77	0.00077
species_1781	1781	S	19	43	62	0.00062
species_2274	2274	S	19	68	87	0.00087
species_1398	1398	S	19	63	82	0.00082
species_2273	2273	S	19	49	68	0.00068
species_1458	1458	S	19	59	78	0.00078
species_2207	2207	S	19	57	76	0.00076
species_1803	1803	S	19	55	74	0.00074
species_1860	1860	S	19	65	84	0.00084
species_2424	2424	S	19	82	101	0.00101
species_952	952	S	19	101	120	0.00120
species_1647	1647	S	19	58	77	0.00077
species_2281	2281	S	19	60	79	0.00079
species_1516	1516	S	19	39	58	0.00058
species_1858	1858	S	19	42	61	0.00061
species_1022	1022	S	19	61	80	0.00080
species_642	642	S	19	105	124	0.00124
species_997	997	S	18	32	50	0.00050
species_2132	2132	S	18	62	80	0.00080
species_2279	2279	S	18	56	74	0.00074
species_1430	1430	S	18	36	54	0.00054
species_1762	1762	S	18	80	98	0.00098
species_1336	1336	S	18	63	81	0.00081
species_1111	1111	S	18	62	80	0.00080
species_1776	1776	S	18	63	81	0.00081
species_2209	2209	S	18	68	86	0.00086
species_1285	1285	S	18	41	59	0.00059
species_1505	1505	S	18	46	64	0.00064
species_1909	1909	S	18	80	98	0.00098
species_1172	1172	S	18	45	63	0.00063
species_2075	2075	S	18	43	61	0.00061
species_2501	2501	S	18	88	106	0.00106
species_1470	1470	S	18	57	75	0.00075
species_2458	2458	S	18	31	49	0.00049
species_930	930	S	17	58	75	0.00075
species_1000	1000	S	17	60	77	0.00077
species_998	998	S	17	45	62	0.00062
species_909	909	S	17	63	80	0.00080
species_849	849	S	17	59	76	0.00076
species_954	954	S	17	55	72	0.00072
species_854	854	S	17	53	70	0.00070
species_1798	1798	S	17	45	62	0.00062
species_758	758	S	17	36	53	0.00053
species_1801	1801	S	17	51	68	0.00068
species_1779	1779	S	17	43	60	0.00060
species_1412	1412	S	17	47	64	0.00064
species_2069	2069	S	17	44	61	0.00061
species_675	675	S	17	54	71	0.00071
species_2096	2096	S	17	40	57	0.00057
species_1922	1922	S	17	55	72	0.00072
species_1945	1945	S	17	64	81	0.00081
species_1790	1790	S	17	53	70	0.00070
species_1770	1770	S	17	47	64	0.00064
species_2466	2466	S	17	73	90	0.00090
species_1063	1063	S	17	40	57	0.00057
species_1363	1363	S	17	49	66	0.00066
species_1868	1868	S	17	76	93	0.00093
species_2115	2115	S	17	30	47	0.00047
species_726	726	S	17	42	59	0.00059
species_2128	2128	S	17	53	70	0.00070
species_2068	2068	S	16	48	64	0.00064
species_1859	1859	S	16	40	56	0.00056
species_1524	1524	S	16	56	72	0.00072
species_1920	1920	S	16	60	76	0.00076
species_788	788	S	16	55	71	0.00071
species_1921	1921	S	16	55	71	0.00071
species_1774	1774	S	16	37	53	0.00053
species_2232	2232	S	16	27	43	0.00043
species_1255	1255	S	16	44	60	0.00060
species_2374	2374	S	16	52	68	0.00068
species_1928	1928	S	16	77	93	0.00093
species_2001	2001	S	16	64	80	0.00080
species_977	977	S	16	74	90	0.00090
species_1055	1055	S	16	51	67	0.00067
species_2477	2477	S	16	47	63	0.00063
species_2278	2278	S	16	49	65	0.00065
species_1083	1083	S	16	46	62	0.00062
species_772	772	S	16	40	56	0.00056
species_1563	1563	S	16	68	84	0.00084
species_1903	1903	S	16	34	50	0.00050
species_1541	1541	S	16	48	64	0.00064
species_636	636	S	15	44	59	0.00059
species_2473	2473	S	15	60	75	0.00075
species_741	741	S	15	35	50	0.00050
species_1783	1783	S	15	52	67	0.00067
species_2410	2410	S	15	78	93	0.00093
species_778	778	S	15	47	62	0.00062
species_2311	2311	S	15	56	71	0.00071
species_2339	2339	S	15	50	65	0.00065
species_1780	1780	S	15	51	66	0.00066
species_2243	2243	S	15	59	74	0.00074
species_2386	2386	S	15	43	58	0.00058
species_570	570	S	15	38	53	0.00053
species_588	588	S	15	69	84	0.00084
species_1793	1793	S	15	49	64	0.00064
species_654	654	S	15	50	65	0.00065
species_2315	2315	S	15	61	76	0.00076
species_2440	2440	S	15	63	78	0.00078
species_811	811	S	15	60	75	0.00075
species_2373	2373	S	15	28	43	0.00043
species_680	680	S	15	44	59	0.00059
species_1217	1217	S	15	46	61	0.00061
species_1644	1644	S	15	38	53	0.00053
species_1924	1924	S	15	49	64	0.00064
species_1508	1508	S	15	40	55	0.00055
species_1766	1766	S	15	74	89	0.00089
species_2125	2125	S	15	47	62	0.00062
species_1966	1966	S	15	45	60	0.00060
species_1769	1769	S	15	67	82	0.00082
species_1668	1668	S	15	60	75	0.00075
species_1147	1147	S	15	48	63	0.00063
species_1565	1565	S	15	45	60	0.00060
species_1866	1866	S	15	66	81	0.00081
species_1139	1139	S	15	51	66	0.00066
species_1125	1125	S	15	48	63	0.00063
species_1317	1317	S	15	37	52	0.00052
species_2159	2159	S	15	62	77	0.00077
species_1874	1874	S	15	62	77	0.00077
species_1946	1946	S	15	41	56	0.00056
species_717	717	S	14	45	59	0.00059
species_1016	1016	S	14	50	64	0.00064
species_1852	1852	S	14	48	62	0.00062
species_1906	1906	S	14	43	57	0.00057
species_1532	1532	S	14	43	57	0.00057
species_2000	2000	S	14	44	58	0.00058
species_2299	2299	S	14	56	70	0.00070
species_1601	1601	S	14	58	72	0.00072
species_1080	1080	S	14	39	53	0.00053
species_963	963	S	14	48	62	0.00062
species_1319	1319	S	14	46	60	0.00060
species_873	873	S	14	46	60	0.00060
species_1212	1212	S	14	55	69	0.00069
species_2268	2268	S	14	44	58	0.00058
species_2189	2189	S	14	51	65	0.00065
species_776	776	S	14	61	75	0.00075
species_896	896	S	14	53	67	0.00067
species_2348	2348	S	14	43	57	0.00057
species_2204	2204	S	14	44	58	0.00058
species_1272	1272	S	14	37	51	0.00051
species_1993	1993	S	14	47	61	0.00061
species_1794	1794	S	13	68	81	0.00081
species_1764	1764	S	13	46	59	0.00059
species_1123	1123	S	13	33	46	0.00046
species_1350	1350	S	13	57	70	0.00070
species_1224	1224	S	13	54	67	0.00067
species_1438	1438	S	13	32	45	0.00045
species_1787	1787	S	13	47	60	0.00060
species_1469	1469	S	13	35	48	0.00048
species_1777	1777	S	13	55	68	0.00068
species_2170	2170	S	13	51	64	0.00064
species_732	732	S	13	53	66	0.00066
species_2202	2202	S	13	47	60	0.00060
species_1628	1628	S	13	49	62	0.00062
species_1856	1856	S	13	76	89	0.00089
species_2211	2211	S	13	32	45	0.00045
species_1760	1760	S	13	44	57	0.00057
species_1796	1796	S	13	63	76	0.00076
species_2210	2210	S	12	51	63	0.00063
species_2208	2208	S	12	57	69	0.00069
species_1337	1337	S	12	37	49	0.00049
species_1298	1298	S	12	41	53	0.00053
species_1388	1388	S	12	51	63	0.00063
species_1800	1800	S	12	48	60	0.00060
species_790	790	S	12	63	75	0.00075
species_1792	1792	S	12	45	57	0.00057
species_917	917	S	12	44	56	0.00056
species_985	985	S	12	36	48	0.00048
species_753	753	S	12	31	43	0.00043
species_2277	2277	S	12	63	75	0.00075
species_2065	2065	S	12	53	65	0.00065
species_1069	1069	S	12	48	60	0.00060
species_750	750	S	12	34	46	0.00046
species_2137	2137	S	12	65	77	0.00077
species_1926	1926	S	12	31	43	0.00043
species_696	696	S	12	51	63	0.00063
species_1782	1782	S	12	41	53	0.00053
species_2126	2126	S	12	46	58	0.00058
species_1149	1149	S	12	34	46	0.00046
species_2124	2124	S	12	57	69	0.00069
species_1799	1799	S	11	53	64	0.00064
species_1891	1891	S	11	62	73	0.00073
species_1869	1869	S	11	53	64	0.00064
species_1861	1861	S	11	44	55	0.00055
species_1359	1359	S	11	37	48	0.00048
species_1907	1907	S	11	36	47	0.00047
species_1925	1925	S	11	40	51	0.00051
species_1432	1432	S	11	43	54	0.00054
species_1640	1640	S	11	32	43	0.00043
species_1873	1873	S	11	35	46	0.00046
species_2327	2327	S	11	37	48	0.00048
species_2151	2151	S	11	48	59	0.00059
species_1802	1802	S	11	36	47	0.00047
species_1088	1088	S	11	36	47	0.00047
species_2313	2313	S	11	40	51	0.00051
species_719	719	S	11	39	50	0.00050
species_1078	1078	S	11	44	55	0.00055
species_2241	2241	S	11	33	44	0.00044
species_1189	1189	S	10	34	44	0.00044
species_2320	2320	S	10	65	75	0.00075
species_1872	1872	S	10	37	47	0.00047
species_1870	1870	S	10	36	46	0.00046
species_2346	2346	S	10	44	54	0.00054
species_1728	1728	S	10	40	50	0.00050
species_2347	2347	S	10	51	61	0.00061
species_2028	2028	S	10	35	45	0.00045
species_1850	1850	S	10	46	56	0.00056
species_1996	1996	S	10	36	46	0.00046
species_2135	2135	S	10	35	45	0.00045
species_1992	1992	S	10	35	45	0.00045
species_1293	1293	S	10	31	41	0.00041
species_587	587	S	10	35	45	0.00045
species_2421	2421	S	10	34	44	0.00044
species_1857	1857	S	9	32	41	0.00041
species_2123	2123	S	9	32	41	0.00041
species_2121	2121	S	9	38	47	0.00047
species_1853	1853	S	9	61	70	0.00070
species_1849	1849	S	9	36	45	0.00045
species_1605	1605	S	9	27	36	0.00036
species_1582	1582	S	9	42	51	0.00051
species_1867	1867	S	9	52	61	0.00061
species_2071	2071	S	9	54	63	0.00063
species_2391	2391	S	9	40	49	0.00049
species_1995	1995	S	9	33	42	0.00042
species_565	565	S	9	30	39	0.00039
species_1315	1315	S	9	36	45	0.00045
species_924	924	S	9	32	41	0.00041
species_841	841	S	9	36	45	0.00045
species_1500	1500	S	9	31	40	0.00040
species_2062	2062	S	9	40	49	0.00049
species_649	649	S	9	54	63	0.00063
species_1788	1788	S	8	28	36	0.00036
species_1851	1851	S	8	37	45	0.00045
species_2294	2294	S	8	28	36	0.00036
species_1968	1968	S	8	35	43	0.00043
species_597	597	S	8	51	59	0.00059
species_911	911	S	8	29	37	0.00037
species_957	957	S	8	45	53	0.00053
species_2104	2104	S	8	42	50	0.00050
species_1659	1659	S	7	28	35	0.00035
species_2494	2494	S	7	40	47	0.00047
species_1765	1765	S	7	38	45	0.00045
species_1170	1170	S	7	31	38	0.00038
species_634	634	S	7	33	40	0.00040
species_2427	2427	S	7	24	31	0.00031
species_583	583	S	7	27	34	0.00034
species_1998	1998	S	7	46	53	0.00053
species_2297	2297	S	6	34	40	0.00040
species_646	646	S	6	31	37	0.00037
species_1786	1786	S	6	34	40	0.00040
species_635	635	S	6	34	40	0.00040
species_1988	1988	S	6	35	41	0.00041
species_2067	2067	S	3	21	24	0.00024
