species_N	species_class	genus_class	genus_name	taxid	species_name
1987	1985	102	Ruminococcus	1987	UMGS505
1100	1098	33	Clostridium	1100	UMGS152
2388	2386	100	Roseburia	2388	UMGS89
767	765	115	Sutterella	767	UMGS12
1334	1332	33	Clostridium	1334	UMGS1740
2310	2308	19	Barnesiella	2310	UMGS816
552	550	70	Megasphaera	552	GCF_900095875
475	473	82	Parabacteroides	475	GCF_000969835
1596	1594	42	Dysgonomonas	1596	UMGS2
218	216	17	Bacillus	218	21673_4_91
995	993	22	Blautia	995	UMGS1419
2386	2384	34	Collinsella	2386	UMGS888
2405	2403	61	Lachnobacterium	2405	UMGS904
1806	1804	44	Eggerthella	1806	UMGS33
2169	2167	78	Oscillibacter	2169	UMGS683
335	333	33	Clostridium	335	GCF_000189615
1363	1361	34	Collinsella	1363	UMGS1767
1887	1885	119	Xylanibacter	1887	UMGS410
1780	1778	34	Collinsella	1780	UMGS306
183	181	33	Clostridium	183	20298_3_52
1546	1544	34	Collinsella	1546	UMGS1949
14	12	17	Bacillus	14	12718_7_24
721	719	22	Blautia	721	UMGS1156
1309	1307	53	Fusobacterium	1309	UMGS1716
2059	2057	7	Alistipes	2059	UMGS579
1650	1648	5	Aeromonas	1650	UMGS205
936	934	102	Ruminococcus	936	UMGS136
1619	1617	90	Porphyromonas	1619	UMGS2020
720	718	91	Prevotella	720	UMGS1155
1661	1659	7	Alistipes	1661	UMGS206
171	169	110	Streptococcus	171	20298_3_25
279	277	53	Fusobacterium	279	GCF_000158275
1882	1880	22	Blautia	1882	UMGS406
2438	2436	11	Anaerosporobacter	2438	UMGS935
1153	1151	33	Clostridium	1153	UMGS1570
1935	1933	1	Acidaminococcus	1935	UMGS457
1101	1099	91	Prevotella	1101	UMGS1520
178	176	86	Peptoniphilus	178	20298_3_36
643	641	34	Collinsella	643	UMGS1083
882	880	34	Collinsella	882	UMGS1309
403	401	107	Solobacterium	403	GCF_000313565
407	405	86	Peptoniphilus	407	GCF_000321025
372	370	43	Edwardsiella	372	GCF_000239255
476	474	82	Parabacteroides	476	GCF_000969845
2120	2118	78	Oscillibacter	2120	UMGS638
1418	1416	39	Desulfovibrio	1418	UMGS1821
1347	1345	107	Solobacterium	1347	UMGS1752
1358	1356	91	Prevotella	1358	UMGS1762
2390	2388	47	Eubacterium	2390	UMGS891
922	920	110	Streptococcus	922	UMGS1347
1466	1464	102	Ruminococcus	1466	UMGS1870
2474	2472	22	Blautia	2474	UMGS97
1981	1979	7	Alistipes	1981	UMGS50
1830	1828	53	Fusobacterium	1830	UMGS356
73	71	70	Megasphaera	73	13470_2_73
509	507	76	Olsenella	509	GCF_001457795
286	284	79	Oxalobacter	286	GCF_000158475
1119	1117	117	Veillonella	1119	UMGS1539
1812	1810	33	Clostridium	1812	UMGS337
1912	1910	40	Dialister	1912	UMGS433
2210	2208	34	Collinsella	2210	UMGS722
33	31	110	Streptococcus	33	12718_7_87
1170	1168	34	Collinsella	1170	UMGS1586
1044	1042	34	Collinsella	1044	UMGS1465
1018	1016	33	Clostridium	1018	UMGS1440
2137	2135	34	Collinsella	2137	UMGS653
1224	1222	34	Collinsella	1224	UMGS1638
1455	1453	102	Ruminococcus	1455	UMGS186
453	451	21	Blastococcus	453	GCF_000582785
938	936	102	Ruminococcus	938	UMGS1362
325	323	59	Helicobacter	325	GCF_000178935
1029	1027	18	Bacteroides	1029	UMGS1450
2362	2360	33	Clostridium	2362	UMGS866
505	503	64	Lactobacillus	505	GCF_001433855
1640	1638	34	Collinsella	1640	UMGS204
626	624	36	Coprococcus	626	UMGS1067
1884	1882	116	Treponema	1884	UMGS408
1397	1395	90	Porphyromonas	1397	UMGS18
1191	1189	34	Collinsella	1191	UMGS1608
2284	2282	96	Pseudobutyrivibrio	2284	UMGS793
356	354	7	Alistipes	356	GCF_000231275
1639	1637	40	Dialister	1639	UMGS2039
270	268	18	Bacteroides	270	GCF_000157915
1691	1689	18	Bacteroides	1691	UMGS218
956	954	33	Clostridium	956	UMGS138
1031	1029	90	Porphyromonas	1031	UMGS1452
434	432	74	Nesterenkonia	434	GCF_000455245
1212	1210	34	Collinsella	1212	UMGS1627
565	563	34	Collinsella	565	UMGS1009
1997	1995	34	Collinsella	1997	UMGS515
92	90	33	Clostridium	92	14207_7_27
1870	1868	34	Collinsella	1870	UMGS395
617	615	36	Coprococcus	617	UMGS1059
1489	1487	81	Pantoea	1489	UMGS1895
918	916	7	Alistipes	918	UMGS1342
1337	1335	34	Collinsella	1337	UMGS1743
2232	2230	34	Collinsella	2232	UMGS742
1335	1333	91	Prevotella	1335	UMGS1741
2330	2328	71	Morganella	2330	UMGS836
1262	1260	33	Clostridium	1262	UMGS1673
1614	1612	33	Clostridium	1614	UMGS2014
138	136	18	Bacteroides	138	20287_6_53
309	307	53	Fusobacterium	309	GCF_000162235
1765	1763	34	Collinsella	1765	UMGS293
681	679	91	Prevotella	681	UMGS1118
2363	2361	110	Streptococcus	2363	UMGS867
2489	2487	88	Phascolarctobacterium	2489	UMGS983
947	945	44	Eggerthella	947	UMGS1371
2276	2274	33	Clostridium	2276	UMGS786
352	350	73	Neisseria	352	GCF_000220865
1482	1480	76	Olsenella	1482	UMGS1887
1934	1932	102	Ruminococcus	1934	UMGS456
2423	2421	27	Butyrivibrio	2423	UMGS920
1530	1528	33	Clostridium	1530	UMGS1933
16	14	45	Enterobacter	16	12718_7_3
1844	1842	114	Succiniclasticum	1844	UMGS369
393	391	3	Actinomyces	393	GCF_000308055
1855	1853	76	Olsenella	1855	UMGS380
1788	1786	34	Collinsella	1788	UMGS313
2060	2058	91	Prevotella	2060	UMGS580
267	265	107	Solobacterium	267	GCF_000156655
1748	1746	18	Bacteroides	1748	UMGS277
1813	1811	90	Porphyromonas	1813	UMGS338
2043	2041	47	Eubacterium	2043	UMGS562
274	272	95	Providencia	274	GCF_000158055
1858	1856	34	Collinsella	1858	UMGS383
58	56	41	Dorea	58	13414_6_50
2436	2434	18	Bacteroides	2436	UMGS933
1999	1997	34	Collinsella	1999	UMGS517
1792	1790	34	Collinsella	1792	UMGS317
828	826	47	Eubacterium	828	UMGS1258
2394	2392	116	Treponema	2394	UMGS895
2266	2264	23	Brachyspira	2266	UMGS776
2141	2139	7	Alistipes	2141	UMGS657
2353	2351	7	Alistipes	2353	UMGS857
103	101	102	Ruminococcus	103	14207_7_57
927	925	100	Roseburia	927	UMGS1351
914	912	34	Collinsella	914	UMGS1339
903	901	25	Butyricicoccus	903	UMGS1328
1518	1516	57	Granulicatella	1518	UMGS1922
466	464	3	Actinomyces	466	GCF_000820725
94	92	33	Clostridium	94	14207_7_30
1470	1468	34	Collinsella	1470	UMGS1874
1247	1245	90	Porphyromonas	1247	UMGS166
692	690	6	Akkermansia	692	UMGS1128
2373	2371	34	Collinsella	2373	UMGS876
2018	2016	102	Ruminococcus	2018	UMGS536
2159	2157	34	Collinsella	2159	UMGS674
1562	1560	39	Desulfovibrio	1562	UMGS1966
1192	1190	33	Clostridium	1192	UMGS1609
1797	1795	34	Collinsella	1797	UMGS321
428	426	117	Veillonella	428	GCF_000411535
651	649	78	Oscillibacter	651	UMGS1091
2211	2209	34	Collinsella	2211	UMGS723
1052	1050	22	Blautia	1052	UMGS1472
1889	1887	22	Blautia	1889	UMGS412
36	34	33	Clostridium	36	12718_7_92
740	738	34	Collinsella	740	UMGS1173
732	730	34	Collinsella	732	UMGS1166
87	85	63	Lachnospira	87	14207_7_1
1827	1825	33	Clostridium	1827	UMGS353
1091	1089	82	Parabacteroides	1091	UMGS1511
1168	1166	91	Prevotella	1168	UMGS1584
161	159	46	Enterococcus	161	20298_3_11
1507	1505	119	Xylanibacter	1507	UMGS1912
232	230	39	Desulfovibrio	232	GCF_000145315
355	353	98	Ralstonia	355	GCF_000227255
1848	1846	91	Prevotella	1848	UMGS373
1808	1806	82	Parabacteroides	1808	UMGS332
2058	2056	33	Clostridium	2058	UMGS578
9	7	64	Lactobacillus	9	12718_7_14
748	746	70	Megasphaera	748	UMGS1181
1385	1383	33	Clostridium	1385	UMGS1788
1298	1296	34	Collinsella	1298	UMGS1706
530	528	37	Corynebacterium	530	GCF_900049755
946	944	33	Clostridium	946	UMGS1370
2504	2502	22	Blautia	2504	UMGS997
1144	1142	115	Sutterella	1144	UMGS1562
1774	1772	34	Collinsella	1774	UMGS300
813	811	33	Clostridium	813	UMGS1244
1366	1364	14	Anaerotruncus	1366	UMGS177
239	237	49	Faecalibacterium	239	GCF_000154385
2026	2024	40	Dialister	2026	UMGS543
17	15	26	Butyricimonas	17	12718_7_37
1924	1922	34	Collinsella	1924	UMGS447
1444	1442	91	Prevotella	1444	UMGS1847
885	883	91	Prevotella	885	UMGS1311
397	395	7	Alistipes	397	GCF_000311925
1310	1308	78	Oscillibacter	1310	UMGS1717
1770	1768	34	Collinsella	1770	UMGS298
1898	1896	33	Clostridium	1898	UMGS420
2023	2021	18	Bacteroides	2023	UMGS540
202	200	22	Blautia	202	21673_4_19
1509	1507	33	Clostridium	1509	UMGS1914
1895	1893	16	Azospirillum	1895	UMGS418
805	803	18	Bacteroides	805	UMGS1236
518	516	102	Ruminococcus	518	GCF_001487105
542	540	75	Odoribacter	542	GCF_900091655
241	239	7	Alistipes	241	GCF_000154465
819	817	33	Clostridium	819	UMGS125
1312	1310	3	Actinomyces	1312	UMGS1719
233	231	84	Pediococcus	233	GCF_000146325
381	379	115	Sutterella	381	GCF_000250875
1488	1486	55	Gemella	1488	UMGS1894
420	418	80	Paenibacillus	420	GCF_000411255
1626	1624	91	Prevotella	1626	UMGS2027
1035	1033	88	Phascolarctobacterium	1035	UMGS1456
179	177	60	Klebsiella	179	20298_3_37
1711	1709	91	Prevotella	1711	UMGS239
18	16	33	Clostridium	18	12718_7_39
390	388	105	Slackia	390	GCF_000296445
2492	2490	77	Oribacterium	2492	UMGS986
159	157	18	Bacteroides	159	20298_2_7
311	309	60	Klebsiella	311	GCF_000163075
1163	1161	33	Clostridium	1163	UMGS158
1519	1517	33	Clostridium	1519	UMGS1923
1361	1359	53	Fusobacterium	1361	UMGS1765
1204	1202	7	Alistipes	1204	UMGS162
1569	1567	91	Prevotella	1569	UMGS1972
1772	1770	1	Acidaminococcus	1772	UMGS3
2101	2099	33	Clostridium	2101	UMGS620
998	996	34	Collinsella	998	UMGS1421
1815	1813	33	Clostridium	1815	UMGS34
906	904	39	Desulfovibrio	906	UMGS1330
404	402	18	Bacteroides	404	GCF_000315485
1679	1677	52	Franconibacter	1679	UMGS2076
168	166	20	Bifidobacterium	168	20298_3_2
1652	1650	91	Prevotella	1652	UMGS2051
1001	999	33	Clostridium	1001	UMGS1425
1758	1756	91	Prevotella	1758	UMGS287
2243	2241	34	Collinsella	2243	UMGS753
1234	1232	18	Bacteroides	1234	UMGS1647
1291	1289	89	Phyllobacterium	1291	UMGS170
2299	2297	34	Collinsella	2299	UMGS806
1240	1238	33	Clostridium	1240	UMGS1652
174	172	109	Staphylococcus	174	20298_3_3
443	441	53	Fusobacterium	443	GCF_000479045
613	611	14	Anaerotruncus	613	UMGS1055
1293	1291	34	Collinsella	1293	UMGS1701
296	294	64	Lactobacillus	296	GCF_000159715
574	572	107	Solobacterium	574	UMGS1017
831	829	85	Pelosinus	831	UMGS1260
1628	1626	34	Collinsella	1628	UMGS2029
881	879	78	Oscillibacter	881	UMGS1308
1832	1830	34	Collinsella	1832	UMGS358
2491	2489	41	Dorea	2491	UMGS985
1952	1950	100	Roseburia	1952	UMGS472
1264	1262	33	Clostridium	1264	UMGS1675
2107	2105	91	Prevotella	2107	UMGS626
1019	1017	47	Eubacterium	1019	UMGS1441
1225	1223	25	Butyricicoccus	1225	UMGS1639
763	761	58	Halomonas	763	UMGS1196
2404	2402	91	Prevotella	2404	UMGS903
144	142	64	Lactobacillus	144	20298_2_1
376	374	40	Dialister	376	GCF_000242435
1105	1103	91	Prevotella	1105	UMGS1524
35	33	33	Clostridium	35	12718_7_9
884	882	61	Lachnobacterium	884	UMGS1310
977	975	34	Collinsella	977	UMGS1401
2414	2412	34	Collinsella	2414	UMGS912
2360	2358	107	Solobacterium	2360	UMGS864
2123	2121	34	Collinsella	2123	UMGS640
2280	2278	33	Clostridium	2280	UMGS79
2282	2280	88	Phascolarctobacterium	2282	UMGS791
2411	2409	102	Ruminococcus	2411	UMGS91
1355	1353	102	Ruminococcus	1355	UMGS176
1623	1621	88	Phascolarctobacterium	1623	UMGS2024
866	864	91	Prevotella	866	UMGS1294
316	314	49	Faecalibacterium	316	GCF_000166035
2494	2492	34	Collinsella	2494	UMGS988
1860	1858	34	Collinsella	1860	UMGS385
1083	1081	34	Collinsella	1083	UMGS1501
1207	1205	22	Blautia	1207	UMGS1622
304	302	110	Streptococcus	304	GCF_000161955
374	372	66	Listeria	374	GCF_000241405
1491	1489	33	Clostridium	1491	UMGS1897
1021	1019	91	Prevotella	1021	UMGS1443
561	559	82	Parabacteroides	561	UMGS1005
2052	2050	40	Dialister	2052	UMGS571
1325	1323	3	Actinomyces	1325	UMGS1731
217	215	41	Dorea	217	21673_4_87
220	218	22	Blautia	220	8080_1_72
2448	2446	33	Clostridium	2448	UMGS945
2075	2073	34	Collinsella	2075	UMGS595
1179	1177	34	Collinsella	1179	UMGS1597
549	547	110	Streptococcus	549	GCF_900095845
1090	1088	33	Clostridium	1090	UMGS1510
1873	1871	34	Collinsella	1873	UMGS398
1533	1531	34	Collinsella	1533	UMGS1936
634	632	34	Collinsella	634	UMGS1074
620	618	22	Blautia	620	UMGS1061
224	222	107	Solobacterium	224	8080_1_80
776	774	34	Collinsella	776	UMGS1207
1351	1349	49	Faecalibacterium	1351	UMGS1756
445	443	33	Clostridium	445	GCF_000499525
299	297	22	Blautia	299	GCF_000159975
1994	1992	34	Collinsella	1994	UMGS512
1139	1137	34	Collinsella	1139	UMGS1558
357	355	33	Clostridium	357	GCF_000233455
281	279	53	Fusobacterium	281	GCF_000158315
1242	1240	18	Bacteroides	1242	UMGS1654
2313	2311	34	Collinsella	2313	UMGS819
1159	1157	33	Clostridium	1159	UMGS1576
1357	1355	33	Clostridium	1357	UMGS1761
1642	1640	15	Atopobium	1642	UMGS2041
1388	1386	34	Collinsella	1388	UMGS1790
163	161	60	Klebsiella	163	20298_3_13
924	922	34	Collinsella	924	UMGS1349
981	979	20	Bifidobacterium	981	UMGS1405
1651	1649	34	Collinsella	1651	UMGS2050
56	54	61	Lachnobacterium	56	13414_6_47
1107	1105	91	Prevotella	1107	UMGS1526
2160	2158	44	Eggerthella	2160	UMGS675
1726	1724	1	Acidaminococcus	1726	UMGS254
53	51	22	Blautia	53	13414_6_41
879	877	33	Clostridium	879	UMGS1306
2486	2484	18	Bacteroides	2486	UMGS980
2246	2244	115	Sutterella	2246	UMGS757
2307	2305	32	Cloacibacillus	2307	UMGS813
1807	1805	18	Bacteroides	1807	UMGS331
1561	1559	8	Anaerococcus	1561	UMGS1965
1958	1956	53	Fusobacterium	1958	UMGS478
478	476	20	Bifidobacterium	478	GCF_001025175
1165	1163	61	Lachnobacterium	1165	UMGS1581
1443	1441	102	Ruminococcus	1443	UMGS1846
415	413	18	Bacteroides	415	GCF_000381365
1149	1147	34	Collinsella	1149	UMGS1567
1742	1740	99	Robinsoniella	1742	UMGS271
1875	1873	27	Butyrivibrio	1875	UMGS4
1584	1582	78	Oscillibacter	1584	UMGS1987
910	908	41	Dorea	910	UMGS1335
992	990	18	Bacteroides	992	UMGS1416
2088	2086	51	Flavobacterium	2088	UMGS607
1180	1178	91	Prevotella	1180	UMGS1598
522	520	86	Peptoniphilus	522	GCF_001517665
2040	2038	37	Corynebacterium	2040	UMGS56
2029	2027	90	Porphyromonas	2029	UMGS547
2095	2093	33	Clostridium	2095	UMGS615
1899	1897	22	Blautia	1899	UMGS421
1481	1479	102	Ruminococcus	1481	UMGS1886
345	343	102	Ruminococcus	345	GCF_000210095
2008	2006	102	Ruminococcus	2008	UMGS526
2168	2166	25	Butyricicoccus	2168	UMGS682
2315	2313	34	Collinsella	2315	UMGS820
1048	1046	107	Solobacterium	1048	UMGS1469
359	357	83	Paraprevotella	359	GCF_000233955
1689	1687	40	Dialister	1689	UMGS215
1643	1641	18	Bacteroides	1643	UMGS2042
1580	1578	33	Clostridium	1580	UMGS1983
1778	1776	76	Olsenella	1778	UMGS304
660	658	105	Slackia	660	UMGS11
134	132	102	Ruminococcus	134	20287_6_22
2223	2221	53	Fusobacterium	2223	UMGS734
2473	2471	34	Collinsella	2473	UMGS969
2115	2113	34	Collinsella	2115	UMGS633
488	486	102	Ruminococcus	488	GCF_001244405
1850	1848	34	Collinsella	1850	UMGS376
677	675	70	Megasphaera	677	UMGS1114
1926	1924	34	Collinsella	1926	UMGS449
25	23	64	Lactobacillus	25	12718_7_56
555	553	107	Solobacterium	555	UMGS1
2327	2325	34	Collinsella	2327	UMGS833
1791	1789	34	Collinsella	1791	UMGS316
2044	2042	62	Lachnoclostridium	2044	UMGS564
341	339	83	Paraprevotella	341	GCF_000205165
536	534	7	Alistipes	536	GCF_900083545
295	293	46	Enterococcus	295	GCF_000159675
2457	2455	91	Prevotella	2457	UMGS954
2096	2094	34	Collinsella	2096	UMGS616
1575	1573	117	Veillonella	1575	UMGS1979
1923	1921	34	Collinsella	1923	UMGS446
2104	2102	34	Collinsella	2104	UMGS623
1354	1352	100	Roseburia	1354	UMGS1759
1398	1396	34	Collinsella	1398	UMGS1800
580	578	34	Collinsella	580	UMGS1023
1020	1018	34	Collinsella	1020	UMGS1442
2408	2406	90	Porphyromonas	2408	UMGS907
1399	1397	91	Prevotella	1399	UMGS1801
1969	1967	41	Dorea	1969	UMGS488
3	1	22	Blautia	3	11861_6_58
1015	1013	33	Clostridium	1015	UMGS1438
2111	2109	16	Azospirillum	2111	UMGS63
1516	1514	34	Collinsella	1516	UMGS1920
1762	1760	34	Collinsella	1762	UMGS290
2476	2474	26	Butyricimonas	2476	UMGS971
1982	1980	115	Sutterella	1982	UMGS500
611	609	100	Roseburia	611	UMGS1053
802	800	9	Anaerofustis	802	UMGS1233
1928	1926	34	Collinsella	1928	UMGS450
722	720	47	Eubacterium	722	UMGS1157
2226	2224	78	Oscillibacter	2226	UMGS737
1799	1797	34	Collinsella	1799	UMGS323
684	682	91	Prevotella	684	UMGS1120
343	341	102	Ruminococcus	343	GCF_000209405
864	862	7	Alistipes	864	UMGS1292
463	461	33	Clostridium	463	GCF_000753355
1343	1341	115	Sutterella	1343	UMGS1749
675	673	34	Collinsella	675	UMGS1112
727	725	34	Collinsella	727	UMGS1161
1305	1303	88	Phascolarctobacterium	1305	UMGS1712
290	288	64	Lactobacillus	290	GCF_000159175
2053	2051	103	Sanguibacteroides	2053	UMGS572
1605	1603	34	Collinsella	1605	UMGS2006
1739	1737	29	Catenibacterium	1739	UMGS269
2342	2340	39	Desulfovibrio	2342	UMGS847
1323	1321	47	Eubacterium	1323	UMGS173
2032	2030	33	Clostridium	2032	UMGS55
326	324	28	Campylobacter	326	GCF_000185345
2181	2179	107	Solobacterium	2181	UMGS695
593	591	91	Prevotella	593	UMGS1036
1867	1865	34	Collinsella	1867	UMGS391
1857	1855	34	Collinsella	1857	UMGS382
2317	2315	3	Actinomyces	2317	UMGS822
294	292	64	Lactobacillus	294	GCF_000159455
247	245	95	Providencia	247	GCF_000154865
2150	2148	115	Sutterella	2150	UMGS665
1917	1915	86	Peptoniphilus	1917	UMGS44
1475	1473	33	Clostridium	1475	UMGS188
2343	2341	22	Blautia	2343	UMGS848
117	115	33	Clostridium	117	15841_8_64
1248	1246	33	Clostridium	1248	UMGS1660
389	387	24	Brevibacterium	389	GCF_000285835
315	313	107	Solobacterium	315	GCF_000165065
1759	1757	18	Bacteroides	1759	UMGS288
1483	1481	102	Ruminococcus	1483	UMGS1889
1627	1625	110	Streptococcus	1627	UMGS2028
1592	1590	33	Clostridium	1592	UMGS1994
1087	1085	117	Veillonella	1087	UMGS1506
1597	1595	70	Megasphaera	1597	UMGS20
2462	2460	34	Collinsella	2462	UMGS959
2459	2457	3	Actinomyces	2459	UMGS956
2073	2071	33	Clostridium	2073	UMGS593
997	995	34	Collinsella	997	UMGS1420
479	477	20	Bifidobacterium	479	GCF_001025195
545	543	37	Corynebacterium	545	GCF_900092335
1287	1285	18	Bacteroides	1287	UMGS1697
1125	1123	34	Collinsella	1125	UMGS1545
264	262	39	Desulfovibrio	264	GCF_000156375
293	291	64	Lactobacillus	293	GCF_000159415
2030	2028	53	Fusobacterium	2030	UMGS548
2483	2481	91	Prevotella	2483	UMGS978
1749	1747	91	Prevotella	1749	UMGS278
576	574	40	Dialister	576	UMGS1019
1267	1265	104	Selenomonas	1267	UMGS1678
562	560	33	Clostridium	562	UMGS1006
2165	2163	76	Olsenella	2165	UMGS68
1753	1751	82	Parabacteroides	1753	UMGS282
222	220	33	Clostridium	222	8080_1_77
736	734	115	Sutterella	736	UMGS117
2209	2207	34	Collinsella	2209	UMGS721
155	153	110	Streptococcus	155	20298_2_49
1226	1224	34	Collinsella	1226	UMGS164
1458	1456	34	Collinsella	1458	UMGS1862
609	607	40	Dialister	609	UMGS1051
1801	1799	34	Collinsella	1801	UMGS325
2298	2296	116	Treponema	2298	UMGS805
253	251	64	Lactobacillus	253	GCF_000155515
1577	1575	18	Bacteroides	1577	UMGS1980
1008	1006	88	Phascolarctobacterium	1008	UMGS1431
2320	2318	34	Collinsella	2320	UMGS825
446	444	18	Bacteroides	446	GCF_000499785
838	836	12	Anaerostipes	838	UMGS1268
1944	1942	7	Alistipes	1944	UMGS465
649	647	34	Collinsella	649	UMGS1089
1838	1836	102	Ruminococcus	1838	UMGS363
1184	1182	102	Ruminococcus	1184	UMGS1601
1028	1026	91	Prevotella	1028	UMGS145
1549	1547	46	Enterococcus	1549	UMGS1952
1068	1066	47	Eubacterium	1068	UMGS1488
1215	1213	70	Megasphaera	1215	UMGS163
481	479	46	Enterococcus	481	GCF_001050095
1660	1658	34	Collinsella	1660	UMGS2059
825	823	107	Solobacterium	825	UMGS1255
2402	2400	18	Bacteroides	2402	UMGS901
1406	1404	6	Akkermansia	1406	UMGS181
1053	1051	18	Bacteroides	1053	UMGS1473
1846	1844	40	Dialister	1846	UMGS370
1164	1162	39	Desulfovibrio	1164	UMGS1580
1069	1067	34	Collinsella	1069	UMGS1489
1171	1169	7	Alistipes	1171	UMGS1587
1781	1779	34	Collinsella	1781	UMGS307
1790	1788	34	Collinsella	1790	UMGS315
314	312	43	Edwardsiella	314	GCF_000163955
2196	2194	78	Oscillibacter	2196	UMGS709
989	987	102	Ruminococcus	989	UMGS1413
1819	1817	8	Anaerococcus	1819	UMGS343
2290	2288	40	Dialister	2290	UMGS799
667	665	91	Prevotella	667	UMGS1105
2260	2258	91	Prevotella	2260	UMGS770
1111	1109	34	Collinsella	1111	UMGS1530
460	458	17	Bacillus	460	GCF_000752035
863	861	117	Veillonella	863	UMGS1291
770	768	82	Parabacteroides	770	UMGS1201
71	69	82	Parabacteroides	71	13470_2_67
43	41	102	Ruminococcus	43	13414_6_17
685	683	76	Olsenella	685	UMGS1121
2395	2393	64	Lactobacillus	2395	UMGS896
1540	1538	105	Slackia	1540	UMGS1942
337	335	44	Eggerthella	337	GCF_000191845
289	287	33	Clostridium	289	GCF_000159055
425	423	3	Actinomyces	425	GCF_000411415
2067	2065	34	Collinsella	2067	UMGS587
2205	2203	88	Phascolarctobacterium	2205	UMGS717
1505	1503	34	Collinsella	1505	UMGS1910
1678	1676	18	Bacteroides	1678	UMGS2075
354	352	64	Lactobacillus	354	GCF_000227195
191	189	86	Peptoniphilus	191	20298_3_66
310	308	59	Helicobacter	310	GCF_000162575
2148	2146	114	Succiniclasticum	2148	UMGS663
1102	1100	100	Roseburia	1102	UMGS1521
1210	1208	33	Clostridium	1210	UMGS1625
1915	1913	33	Clostridium	1915	UMGS438
2185	2183	33	Clostridium	2185	UMGS699
431	429	91	Prevotella	431	GCF_000413355
2080	2078	34	Collinsella	2080	UMGS6
840	838	47	Eubacterium	840	UMGS127
124	122	22	Blautia	124	18048_1_72
942	940	46	Enterococcus	942	UMGS1367
1217	1215	34	Collinsella	1217	UMGS1631
214	212	33	Clostridium	214	21673_4_71
1327	1325	91	Prevotella	1327	UMGS1733
711	709	34	Collinsella	711	UMGS1146
719	717	34	Collinsella	719	UMGS1154
1769	1767	34	Collinsella	1769	UMGS297
370	368	31	Citrobacter	370	GCF_000238735
1322	1320	34	Collinsella	1322	UMGS1729
2054	2052	100	Roseburia	2054	UMGS573
642	640	34	Collinsella	642	UMGS1082
1594	1592	91	Prevotella	1594	UMGS1996
1768	1766	34	Collinsella	1768	UMGS296
730	728	91	Prevotella	730	UMGS1164
1367	1365	102	Ruminococcus	1367	UMGS1771
1441	1439	107	Solobacterium	1441	UMGS1844
328	326	91	Prevotella	328	GCF_000185845
1276	1274	27	Butyrivibrio	1276	UMGS1687
588	586	34	Collinsella	588	UMGS1031
377	375	107	Solobacterium	377	GCF_000242955
2350	2348	44	Eggerthella	2350	UMGS854
2028	2026	34	Collinsella	2028	UMGS545
68	66	18	Bacteroides	68	13470_2_62
1428	1426	105	Slackia	1428	UMGS1832
2039	2037	7	Alistipes	2039	UMGS559
2042	2040	108	Sporolactobacillus	2042	UMGS561
1365	1363	90	Porphyromonas	1365	UMGS1769
1975	1973	91	Prevotella	1975	UMGS493
2379	2377	96	Pseudobutyrivibrio	2379	UMGS881
553	551	7	Alistipes	553	GCF_900107675
1115	1113	18	Bacteroides	1115	UMGS1534
2097	2095	91	Prevotella	2097	UMGS617
1914	1912	106	Sneathia	1914	UMGS437
177	175	22	Blautia	177	20298_3_35
624	622	7	Alistipes	624	UMGS1065
1900	1898	18	Bacteroides	1900	UMGS422
1862	1860	34	Collinsella	1862	UMGS387
413	411	59	Helicobacter	413	GCF_000345485
2125	2123	34	Collinsella	2125	UMGS642
277	275	53	Fusobacterium	277	GCF_000158215
1589	1587	44	Eggerthella	1589	UMGS1991
2215	2213	34	Collinsella	2215	UMGS727
1686	1684	18	Bacteroides	1686	UMGS212
1263	1261	91	Prevotella	1263	UMGS1674
1581	1579	107	Solobacterium	1581	UMGS1984
1203	1201	33	Clostridium	1203	UMGS1619
757	755	22	Blautia	757	UMGS119
2132	2130	34	Collinsella	2132	UMGS649
2377	2375	33	Clostridium	2377	UMGS88
1810	1808	34	Collinsella	1810	UMGS334
849	847	34	Collinsella	849	UMGS1278
1755	1753	34	Collinsella	1755	UMGS284
234	232	28	Campylobacter	234	GCF_000146835
130	128	75	Odoribacter	130	18048_2_90
693	691	39	Desulfovibrio	693	UMGS1129
999	997	33	Clostridium	999	UMGS1423
2475	2473	81	Pantoea	2475	UMGS970
1985	1983	107	Solobacterium	1985	UMGS503
893	891	34	Collinsella	893	UMGS1319
181	179	31	Citrobacter	181	20298_3_4
166	164	110	Streptococcus	166	20298_3_18
291	289	64	Lactobacillus	291	GCF_000159215
2256	2254	115	Sutterella	2256	UMGS767
2269	2267	100	Roseburia	2269	UMGS78
252	250	59	Helicobacter	252	GCF_000155495
1945	1943	34	Collinsella	1945	UMGS466
1089	1087	99	Robinsoniella	1089	UMGS151
2294	2292	34	Collinsella	2294	UMGS801
1374	1372	102	Ruminococcus	1374	UMGS1778
1238	1236	33	Clostridium	1238	UMGS1650
1112	1110	33	Clostridium	1112	UMGS1531
1782	1780	34	Collinsella	1782	UMGS308
1315	1313	34	Collinsella	1315	UMGS1721
305	303	2	Acinetobacter	305	GCF_000162075
1011	1009	22	Blautia	1011	UMGS1434
935	933	22	Blautia	935	UMGS1359
2022	2020	81	Pantoea	2022	UMGS54
2477	2475	34	Collinsella	2477	UMGS972
2321	2319	33	Clostridium	2321	UMGS826
1145	1143	33	Clostridium	1145	UMGS1563
1241	1239	105	Slackia	1241	UMGS1653
2454	2452	91	Prevotella	2454	UMGS950
1624	1622	100	Roseburia	1624	UMGS2025
1996	1994	34	Collinsella	1996	UMGS514
2178	2176	32	Cloacibacillus	2178	UMGS691
157	155	64	Lactobacillus	157	20298_2_53
1974	1972	3	Actinomyces	1974	UMGS492
1450	1448	34	Collinsella	1450	UMGS1853
199	197	61	Lachnobacterium	199	20427_4_25
2152	2150	1	Acidaminococcus	2152	UMGS667
1919	1917	34	Collinsella	1919	UMGS441
246	244	18	Bacteroides	246	GCF_000154845
410	408	17	Bacillus	410	GCF_000321185
1124	1122	33	Clostridium	1124	UMGS1543
944	942	22	Blautia	944	UMGS1369
1531	1529	3	Actinomyces	1531	UMGS1934
1606	1604	18	Bacteroides	1606	UMGS2007
1995	1993	34	Collinsella	1995	UMGS513
1500	1498	34	Collinsella	1500	UMGS1905
1585	1583	33	Clostridium	1585	UMGS1988
820	818	91	Prevotella	820	UMGS1250
778	776	34	Collinsella	778	UMGS1209
1789	1787	34	Collinsella	1789	UMGS314
871	869	117	Veillonella	871	UMGS13
952	950	34	Collinsella	952	UMGS1376
1508	1506	34	Collinsella	1508	UMGS1913
444	442	53	Fusobacterium	444	GCF_000479265
1910	1908	44	Eggerthella	1910	UMGS431
1829	1827	18	Bacteroides	1829	UMGS355
703	701	22	Blautia	703	UMGS1138
2037	2035	102	Ruminococcus	2037	UMGS556
1852	1850	34	Collinsella	1852	UMGS378
1582	1580	34	Collinsella	1582	UMGS1985
423	421	36	Coprococcus	423	GCF_000411335
2154	2152	102	Ruminococcus	2154	UMGS669
1181	1179	117	Veillonella	1181	UMGS16
559	557	91	Prevotella	559	UMGS1003
1523	1521	91	Prevotella	1523	UMGS1927
996	994	28	Campylobacter	996	UMGS142
899	897	104	Selenomonas	899	UMGS1324
2270	2268	91	Prevotella	2270	UMGS780
2458	2456	34	Collinsella	2458	UMGS955
210	208	18	Bacteroides	210	21673_4_46
1517	1515	34	Collinsella	1517	UMGS1921
319	317	20	Bifidobacterium	319	GCF_000172135
1331	1329	49	Faecalibacterium	1331	UMGS1738
2471	2469	22	Blautia	2471	UMGS967
1255	1253	34	Collinsella	1255	UMGS1667
196	194	22	Blautia	196	20298_3_81
1469	1467	34	Collinsella	1469	UMGS1873
1420	1418	102	Ruminococcus	1420	UMGS1823
572	570	33	Clostridium	572	UMGS1015
1741	1739	29	Catenibacterium	1741	UMGS270
2234	2232	87	Peptostreptococcus	2234	UMGS744
1436	1434	49	Faecalibacterium	1436	UMGS184
173	171	48	Exiguobacterium	173	20298_3_28
1998	1996	34	Collinsella	1998	UMGS516
1515	1513	47	Eubacterium	1515	UMGS192
2129	2127	102	Ruminococcus	2129	UMGS646
456	454	20	Bifidobacterium	456	GCF_000741205
139	137	60	Klebsiella	139	20287_6_6
1729	1727	63	Lachnospira	1729	UMGS257
48	46	22	Blautia	48	13414_6_32
1861	1859	34	Collinsella	1861	UMGS386
1421	1419	53	Fusobacterium	1421	UMGS1824
2216	2214	78	Oscillibacter	2216	UMGS728
145	143	110	Streptococcus	145	20298_2_10
1000	998	34	Collinsella	1000	UMGS1424
1907	1905	34	Collinsella	1907	UMGS429
1746	1744	33	Clostridium	1746	UMGS275
2346	2344	34	Collinsella	2346	UMGS850
1593	1591	33	Clostridium	1593	UMGS1995
285	283	59	Helicobacter	285	GCF_000158455
2337	2335	7	Alistipes	2337	UMGS842
1894	1892	44	Eggerthella	1894	UMGS417
306	304	2	Acinetobacter	306	GCF_000162115
1131	1129	47	Eubacterium	1131	UMGS1550
548	546	91	Prevotella	548	GCF_900095835
27	25	45	Enterobacter	27	12718_7_7
570	568	34	Collinsella	570	UMGS1013
1876	1874	102	Ruminococcus	1876	UMGS40
1233	1231	18	Bacteroides	1233	UMGS1646
1936	1934	47	Eubacterium	1936	UMGS458
107	105	33	Clostridium	107	14207_7_75
1109	1107	47	Eubacterium	1109	UMGS1529
83	81	18	Bacteroides	83	14207_6_13
954	952	34	Collinsella	954	UMGS1378
2241	2239	34	Collinsella	2241	UMGS751
23	21	45	Enterobacter	23	12718_7_50
832	830	34	Collinsella	832	UMGS1262
55	53	61	Lachnobacterium	55	13414_6_44
1814	1812	107	Solobacterium	1814	UMGS339
216	214	33	Clostridium	216	21673_4_80
2466	2464	34	Collinsella	2466	UMGS962
412	410	107	Solobacterium	412	GCF_000327285
1752	1750	70	Megasphaera	1752	UMGS281
143	141	18	Bacteroides	143	20287_6_9
1845	1843	63	Lachnospira	1845	UMGS37
2261	2259	102	Ruminococcus	2261	UMGS771
534	532	37	Corynebacterium	534	GCF_900078305
1336	1334	34	Collinsella	1336	UMGS1742
1563	1561	34	Collinsella	1563	UMGS1967
904	902	67	Marvinbryantia	904	UMGS1329
2240	2238	6	Akkermansia	2240	UMGS750
1717	1715	91	Prevotella	1717	UMGS244
2127	2125	34	Collinsella	2127	UMGS644
1927	1925	86	Peptoniphilus	1927	UMGS45
1761	1759	26	Butyricimonas	1761	UMGS29
298	296	53	Fusobacterium	298	GCF_000159915
573	571	61	Lachnobacterium	573	UMGS1016
896	894	34	Collinsella	896	UMGS1321
1320	1318	1	Acidaminococcus	1320	UMGS1727
2025	2023	33	Clostridium	2025	UMGS542
1254	1252	33	Clostridium	1254	UMGS1666
1906	1904	34	Collinsella	1906	UMGS428
2046	2044	41	Dorea	2046	UMGS566
4	2	7	Alistipes	4	11861_6_61
1106	1104	115	Sutterella	1106	UMGS1525
2005	2003	18	Bacteroides	2005	UMGS523
421	419	109	Staphylococcus	421	GCF_000411275
1823	1821	115	Sutterella	1823	UMGS349
604	602	44	Eggerthella	604	UMGS1046
777	775	91	Prevotella	777	UMGS1208
909	907	34	Collinsella	909	UMGS1333
1126	1124	34	Collinsella	1126	UMGS1546
50	48	33	Clostridium	50	13414_6_34
797	795	114	Succiniclasticum	797	UMGS1228
845	843	34	Collinsella	845	UMGS1274
1802	1800	34	Collinsella	1802	UMGS326
2083	2081	53	Fusobacterium	2083	UMGS602
1977	1975	85	Pelosinus	1977	UMGS495
1419	1417	47	Eubacterium	1419	UMGS1822
292	290	64	Lactobacillus	292	GCF_000159375
1457	1455	44	Eggerthella	1457	UMGS1861
841	839	34	Collinsella	841	UMGS1270
2279	2277	34	Collinsella	2279	UMGS789
734	732	7	Alistipes	734	UMGS1168
2255	2253	40	Dialister	2255	UMGS766
654	652	34	Collinsella	654	UMGS1094
2074	2072	8	Anaerococcus	2074	UMGS594
1608	1606	3	Actinomyces	1608	UMGS2009
1864	1862	34	Collinsella	1864	UMGS389
1049	1047	100	Roseburia	1049	UMGS147
1319	1317	34	Collinsella	1319	UMGS1726
2348	2346	34	Collinsella	2348	UMGS852
1634	1632	91	Prevotella	1634	UMGS2034
2424	2422	34	Collinsella	2424	UMGS921
96	94	41	Dorea	96	14207_7_37
1392	1390	33	Clostridium	1392	UMGS1795
1442	1440	18	Bacteroides	1442	UMGS1845
1699	1697	19	Barnesiella	1699	UMGS227
2100	2098	86	Peptoniphilus	2100	UMGS62
1886	1884	10	Anaeromassilibacillus	1886	UMGS41
764	762	53	Fusobacterium	764	UMGS1197
313	311	53	Fusobacterium	313	GCF_000163935
706	704	107	Solobacterium	706	UMGS1141
772	770	34	Collinsella	772	UMGS1203
2439	2437	91	Prevotella	2439	UMGS937
1696	1694	33	Clostridium	1696	UMGS222
226	224	33	Clostridium	226	8080_1_83
507	505	64	Lactobacillus	507	GCF_001435665
790	788	34	Collinsella	790	UMGS1220
1484	1482	39	Desulfovibrio	1484	UMGS1890
188	186	7	Alistipes	188	20298_3_63
1793	1791	34	Collinsella	1793	UMGS318
82	80	7	Alistipes	82	14207_6_12
414	412	59	Helicobacter	414	GCF_000349975
405	403	33	Clostridium	405	GCF_000320405
2139	2137	115	Sutterella	2139	UMGS655
302	300	65	Leuconostoc	302	GCF_000160595
2128	2126	34	Collinsella	2128	UMGS645
398	396	30	Cellulomonas	398	GCF_000312005
985	983	34	Collinsella	985	UMGS1409
419	417	37	Corynebacterium	419	GCF_000411235
1621	1619	64	Lactobacillus	1621	UMGS2022
957	955	34	Collinsella	957	UMGS1380
1534	1532	34	Collinsella	1534	UMGS1937
2235	2233	34	Collinsella	2235	UMGS745
1176	1174	33	Clostridium	1176	UMGS1594
1763	1761	34	Collinsella	1763	UMGS291
303	301	64	Lactobacillus	303	GCF_000160855
426	424	110	Streptococcus	426	GCF_000411475
1946	1944	34	Collinsella	1946	UMGS467
1921	1919	34	Collinsella	1921	UMGS443
121	119	17	Bacillus	121	17138_5_75
2407	2405	78	Oscillibacter	2407	UMGS906
2213	2211	33	Clostridium	2213	UMGS725
2218	2216	33	Clostridium	2218	UMGS73
1085	1083	18	Bacteroides	1085	UMGS1504
656	654	47	Eubacterium	656	UMGS1096
1871	1869	34	Collinsella	1871	UMGS396
963	961	34	Collinsella	963	UMGS1386
2109	2107	75	Odoribacter	2109	UMGS628
1883	1881	82	Parabacteroides	1883	UMGS407
2138	2136	7	Alistipes	2138	UMGS654
1993	1991	34	Collinsella	1993	UMGS511
1856	1854	34	Collinsella	1856	UMGS381
851	849	33	Clostridium	851	UMGS128
1988	1986	34	Collinsella	1988	UMGS506
1526	1524	107	Solobacterium	1526	UMGS193
2277	2275	34	Collinsella	2277	UMGS787
857	855	8	Anaerococcus	857	UMGS1286
165	163	31	Citrobacter	165	20298_3_17
1041	1039	47	Eubacterium	1041	UMGS1462
1821	1819	75	Odoribacter	1821	UMGS346
360	358	33	Clostridium	360	GCF_000234155
1080	1078	34	Collinsella	1080	UMGS1499
1117	1115	33	Clostridium	1117	UMGS1537
215	213	33	Clostridium	215	21673_4_77
2249	2247	72	Negativicoccus	2249	UMGS760
13	11	109	Staphylococcus	13	12718_7_23
731	729	34	Collinsella	731	UMGS1165
2278	2276	34	Collinsella	2278	UMGS788
449	447	53	Fusobacterium	449	GCF_000523555
2344	2342	33	Clostridium	2344	UMGS849
2163	2161	91	Prevotella	2163	UMGS678
106	104	7	Alistipes	106	14207_7_70
520	518	8	Anaerococcus	520	GCF_001487145
187	185	33	Clostridium	187	20298_3_62
1147	1145	34	Collinsella	1147	UMGS1565
2271	2269	39	Desulfovibrio	2271	UMGS781
1897	1895	63	Lachnospira	1897	UMGS42
1724	1722	3	Actinomyces	1724	UMGS252
812	810	102	Ruminococcus	812	UMGS1243
1490	1488	26	Butyricimonas	1490	UMGS1896
2091	2089	40	Dialister	2091	UMGS61
506	504	64	Lactobacillus	506	GCF_001435475
411	409	7	Alistipes	411	GCF_000321205
347	345	42	Dysgonomonas	347	GCF_000213575
1016	1014	34	Collinsella	1016	UMGS1439
1114	1112	100	Roseburia	1114	UMGS1533
1649	1647	107	Solobacterium	1649	UMGS2049
1393	1391	33	Clostridium	1393	UMGS1796
653	651	18	Bacteroides	653	UMGS1093
975	973	70	Megasphaera	975	UMGS14
1078	1076	34	Collinsella	1078	UMGS1497
1648	1646	107	Solobacterium	1648	UMGS2048
735	733	33	Clostridium	735	UMGS1169
521	519	33	Clostridium	521	GCF_001517625
77	75	22	Blautia	77	13470_2_81
1341	1339	34	Collinsella	1341	UMGS1747
1559	1557	44	Eggerthella	1559	UMGS1963
1378	1376	33	Clostridium	1378	UMGS1781
1223	1221	47	Eubacterium	1223	UMGS1637
169	167	3	Actinomyces	169	20298_3_21
1598	1596	102	Ruminococcus	1598	UMGS200
486	484	33	Clostridium	486	GCF_001243045
750	748	34	Collinsella	750	UMGS1183
1349	1347	33	Clostridium	1349	UMGS1754
1904	1902	78	Oscillibacter	1904	UMGS426
1196	1194	33	Clostridium	1196	UMGS1612
1920	1918	34	Collinsella	1920	UMGS442
1766	1764	34	Collinsella	1766	UMGS294
2204	2202	34	Collinsella	2204	UMGS716
1800	1798	34	Collinsella	1800	UMGS324
332	330	18	Bacteroides	332	GCF_000187895
523	521	37	Corynebacterium	523	GCF_001941425
1564	1562	33	Clostridium	1564	UMGS1968
2121	2119	34	Collinsella	2121	UMGS639
655	653	34	Collinsella	655	UMGS1095
2501	2499	34	Collinsella	2501	UMGS994
1141	1139	91	Prevotella	1141	UMGS156
1009	1007	34	Collinsella	1009	UMGS1432
1668	1666	34	Collinsella	1668	UMGS2066
391	389	115	Sutterella	391	GCF_000297775
1402	1400	100	Roseburia	1402	UMGS1806
2131	2129	7	Alistipes	2131	UMGS648
800	798	117	Veillonella	800	UMGS1231
137	135	0	Achromobacter	137	20287_6_4
1412	1410	34	Collinsella	1412	UMGS1816
2191	2189	34	Collinsella	2191	UMGS704
2264	2262	101	Rothia	2264	UMGS774
622	620	91	Prevotella	622	UMGS1063
2193	2191	88	Phascolarctobacterium	2193	UMGS706
86	84	18	Bacteroides	86	14207_6_9
1162	1160	115	Sutterella	1162	UMGS1579
788	786	34	Collinsella	788	UMGS1219
1360	1358	69	Megamonas	1360	UMGS1764
2345	2343	63	Lachnospira	2345	UMGS85
1722	1720	39	Desulfovibrio	1722	UMGS250
402	400	7	Alistipes	402	GCF_000312145
1776	1774	34	Collinsella	1776	UMGS302
1376	1374	91	Prevotella	1376	UMGS178
804	802	117	Veillonella	804	UMGS1235
645	643	90	Porphyromonas	645	UMGS1085
756	754	15	Atopobium	756	UMGS1189
2400	2398	49	Faecalibacterium	2400	UMGS90
1837	1835	102	Ruminococcus	1837	UMGS362
15	13	18	Bacteroides	15	12718_7_29
451	449	95	Providencia	451	GCF_000527295
8	6	109	Staphylococcus	8	12718_7_13
1609	1607	45	Enterobacter	1609	UMGS201
2055	2053	47	Eubacterium	2055	UMGS574
24	22	102	Ruminococcus	24	12718_7_51
1647	1645	34	Collinsella	1647	UMGS2047
1604	1602	102	Ruminococcus	1604	UMGS2005
1991	1989	34	Collinsella	1991	UMGS51
1251	1249	33	Clostridium	1251	UMGS1663
1384	1382	91	Prevotella	1384	UMGS1787
1383	1381	22	Blautia	1383	UMGS1786
1413	1411	15	Atopobium	1413	UMGS1817
327	325	39	Desulfovibrio	327	GCF_000185705
1279	1277	33	Clostridium	1279	UMGS169
394	392	17	Bacillus	394	GCF_000311725
1657	1655	33	Clostridium	1657	UMGS2056
1796	1794	34	Collinsella	1796	UMGS320
847	845	91	Prevotella	847	UMGS1276
1803	1801	34	Collinsella	1803	UMGS327
317	315	18	Bacteroides	317	GCF_000169015
1166	1164	39	Desulfovibrio	1166	UMGS1582
1046	1044	61	Lachnobacterium	1046	UMGS1467
980	978	49	Faecalibacterium	980	UMGS1404
2001	1999	34	Collinsella	2001	UMGS519
585	583	107	Solobacterium	585	UMGS1028
108	106	100	Roseburia	108	14207_7_83
1665	1663	115	Sutterella	1665	UMGS2063
358	356	97	Pseudomonas	358	GCF_000233495
1403	1401	40	Dialister	1403	UMGS1807
1809	1807	91	Prevotella	1809	UMGS333
2490	2488	82	Parabacteroides	2490	UMGS984
1289	1287	33	Clostridium	1289	UMGS1699
1448	1446	33	Clostridium	1448	UMGS1851
257	255	104	Selenomonas	257	GCF_000155955
1311	1309	115	Sutterella	1311	UMGS1718
262	260	34	Collinsella	262	GCF_000156175
2108	2106	117	Veillonella	2108	UMGS627
271	269	91	Prevotella	271	GCF_000157935
1618	1616	33	Clostridium	1618	UMGS2019
75	73	33	Clostridium	75	13470_2_77
2024	2022	91	Prevotella	2024	UMGS541
2167	2165	33	Clostridium	2167	UMGS681
546	544	53	Fusobacterium	546	GCF_900095705
1942	1940	49	Faecalibacterium	1942	UMGS463
1909	1907	34	Collinsella	1909	UMGS430
1266	1264	33	Clostridium	1266	UMGS1677
2314	2312	33	Clostridium	2314	UMGS82
2292	2290	33	Clostridium	2292	UMGS80
2444	2442	115	Sutterella	2444	UMGS941
2375	2373	34	Collinsella	2375	UMGS878
640	638	76	Olsenella	640	UMGS1080
1278	1276	33	Clostridium	1278	UMGS1689
2112	2110	18	Bacteroides	2112	UMGS630
1017	1015	113	Succinatimonas	1017	UMGS144
835	833	18	Bacteroides	835	UMGS1265
1786	1784	34	Collinsella	1786	UMGS311
822	820	34	Collinsella	822	UMGS1252
769	767	34	Collinsella	769	UMGS1200
694	692	28	Campylobacter	694	UMGS113
937	935	91	Prevotella	937	UMGS1360
982	980	33	Clostridium	982	UMGS1406
1587	1585	102	Ruminococcus	1587	UMGS199
1391	1389	110	Streptococcus	1391	UMGS1794
1610	1608	61	Lachnobacterium	1610	UMGS2010
1524	1522	34	Collinsella	1524	UMGS1928
873	871	34	Collinsella	873	UMGS1300
1081	1079	29	Catenibacterium	1081	UMGS15
112	110	63	Lachnospira	112	14207_7_9
1682	1680	82	Parabacteroides	1682	UMGS208
789	787	80	Paenibacillus	789	UMGS122
1931	1929	33	Clostridium	1931	UMGS453
1721	1719	33	Clostridium	1721	UMGS249
2399	2397	117	Veillonella	2399	UMGS9
1574	1572	91	Prevotella	1574	UMGS1977
2422	2420	86	Peptoniphilus	2422	UMGS92
928	926	18	Bacteroides	928	UMGS1352
1272	1270	34	Collinsella	1272	UMGS1683
852	850	7	Alistipes	852	UMGS1280
579	577	34	Collinsella	579	UMGS1022
2341	2339	91	Prevotella	2341	UMGS846
1961	1959	7	Alistipes	1961	UMGS480
383	381	20	Bifidobacterium	383	GCF_000273525
672	670	70	Megasphaera	672	UMGS111
911	909	34	Collinsella	911	UMGS1336
696	694	34	Collinsella	696	UMGS1131
2187	2185	115	Sutterella	2187	UMGS70
2071	2069	34	Collinsella	2071	UMGS590
1209	1207	91	Prevotella	1209	UMGS1624
1681	1679	22	Blautia	1681	UMGS2079
459	457	33	Clostridium	459	GCF_000751675
1261	1259	33	Clostridium	1261	UMGS1672
2147	2145	115	Sutterella	2147	UMGS662
2222	2220	88	Phascolarctobacterium	2222	UMGS733
1143	1141	91	Prevotella	1143	UMGS1561
2347	2345	34	Collinsella	2347	UMGS851
1849	1847	34	Collinsella	1849	UMGS375
1328	1326	33	Clostridium	1328	UMGS1734
2208	2206	34	Collinsella	2208	UMGS720
1010	1008	91	Prevotella	1010	UMGS1433
1966	1964	34	Collinsella	1966	UMGS485
1843	1841	7	Alistipes	1843	UMGS368
2003	2001	3	Actinomyces	2003	UMGS520
172	170	33	Clostridium	172	20298_3_26
1666	1664	34	Collinsella	1666	UMGS2064
1784	1782	39	Desulfovibrio	1784	UMGS31
1959	1957	4	Adlercreutzia	1959	UMGS479
156	154	33	Clostridium	156	20298_2_5
1603	1601	75	Odoribacter	1603	UMGS2004
1150	1148	88	Phascolarctobacterium	1150	UMGS1568
2273	2271	34	Collinsella	2273	UMGS783
2281	2279	34	Collinsella	2281	UMGS790
544	542	33	Clostridium	544	GCF_900091705
1474	1472	34	Collinsella	1474	UMGS1879
1273	1271	91	Prevotella	1273	UMGS1684
917	915	34	Collinsella	917	UMGS1341
2065	2063	34	Collinsella	2065	UMGS585
1525	1523	91	Prevotella	1525	UMGS1929
1359	1357	34	Collinsella	1359	UMGS1763
1456	1454	47	Eubacterium	1456	UMGS1860
392	390	94	Proteus	392	GCF_000297815
1061	1059	34	Collinsella	1061	UMGS1480
1713	1711	33	Clostridium	1713	UMGS240
1949	1947	81	Pantoea	1949	UMGS47
1460	1458	33	Clostridium	1460	UMGS1864
605	603	34	Collinsella	605	UMGS1047
221	219	33	Clostridium	221	8080_1_73
1992	1990	34	Collinsella	1992	UMGS510
705	703	107	Solobacterium	705	UMGS1140
1064	1062	34	Collinsella	1064	UMGS1483
2151	2149	34	Collinsella	2151	UMGS666
248	246	110	Streptococcus	248	GCF_000154985
1043	1041	91	Prevotella	1043	UMGS1464
154	152	33	Clostridium	154	20298_2_47
949	947	33	Clostridium	949	UMGS1373
1891	1889	34	Collinsella	1891	UMGS414
2495	2493	34	Collinsella	2495	UMGS989
1094	1092	82	Parabacteroides	1094	UMGS1514
2364	2362	91	Prevotella	2364	UMGS868
1869	1867	34	Collinsella	1869	UMGS394
1039	1037	110	Streptococcus	1039	UMGS146
1645	1643	117	Veillonella	1645	UMGS2044
1783	1781	34	Collinsella	1783	UMGS309
1544	1542	91	Prevotella	1544	UMGS1946
2268	2266	34	Collinsella	2268	UMGS779
378	376	75	Odoribacter	378	GCF_000243215
1227	1225	33	Clostridium	1227	UMGS1640
406	404	8	Anaerococcus	406	GCF_000321005
746	744	57	Granulicatella	746	UMGS118
2340	2338	18	Bacteroides	2340	UMGS845
1868	1866	34	Collinsella	1868	UMGS393
2503	2501	34	Collinsella	2503	UMGS996
321	319	8	Anaerococcus	321	GCF_000173355
2286	2284	112	Subdoligranulum	2286	UMGS795
2126	2124	34	Collinsella	2126	UMGS643
2493	2491	49	Faecalibacterium	2493	UMGS987
728	726	91	Prevotella	728	UMGS1162
1865	1863	47	Eubacterium	1865	UMGS39
59	57	49	Faecalibacterium	59	13414_6_53
1532	1530	34	Collinsella	1532	UMGS1935
932	930	33	Clostridium	932	UMGS1356
751	749	34	Collinsella	751	UMGS1184
1494	1492	44	Eggerthella	1494	UMGS190
2021	2019	53	Fusobacterium	2021	UMGS539
1103	1101	104	Selenomonas	1103	UMGS1522
439	437	102	Ruminococcus	439	GCF_000468015
2421	2419	34	Collinsella	2421	UMGS919
1214	1212	76	Olsenella	1214	UMGS1629
2252	2250	7	Alistipes	2252	UMGS763
2250	2248	102	Ruminococcus	2250	UMGS761
502	500	33	Clostridium	502	GCF_001403635
2291	2289	117	Veillonella	2291	UMGS8
386	384	17	Bacillus	386	GCF_000285535
280	278	53	Fusobacterium	280	GCF_000158295
1874	1872	34	Collinsella	1874	UMGS399
584	582	33	Clostridium	584	UMGS1027
442	440	97	Pseudomonas	442	GCF_000478505
1123	1121	34	Collinsella	1123	UMGS1542
26	24	64	Lactobacillus	26	12718_7_59
779	777	114	Succiniclasticum	779	UMGS121
1297	1295	33	Clostridium	1297	UMGS1705
329	327	115	Sutterella	329	GCF_000186505
2197	2195	115	Sutterella	2197	UMGS71
1133	1131	13	Anaerotignum	1133	UMGS1552
2387	2385	91	Prevotella	2387	UMGS889
682	680	61	Lachnobacterium	682	UMGS1119
1754	1752	102	Ruminococcus	1754	UMGS283
212	210	22	Blautia	212	21673_4_53
1108	1106	20	Bifidobacterium	1108	UMGS1527
1381	1379	33	Clostridium	1381	UMGS1784
2229	2227	20	Bifidobacterium	2229	UMGS74
182	180	22	Blautia	182	20298_3_48
2302	2300	47	Eubacterium	2302	UMGS809
263	261	34	Collinsella	263	GCF_000156215
2146	2144	115	Sutterella	2146	UMGS661
1330	1328	107	Solobacterium	1330	UMGS1737
856	854	91	Prevotella	856	UMGS1285
209	207	46	Enterococcus	209	21673_4_43
1715	1713	3	Actinomyces	1715	UMGS242
1246	1244	102	Ruminococcus	1246	UMGS1659
1847	1845	7	Alistipes	1847	UMGS372
1854	1852	102	Ruminococcus	1854	UMGS38
231	229	115	Sutterella	231	GCF_000144975
330	328	110	Streptococcus	330	GCF_000186545
323	321	100	Roseburia	323	GCF_000174195
90	88	18	Bacteroides	90	14207_7_23
276	274	53	Fusobacterium	276	GCF_000158195
203	201	102	Ruminococcus	203	21673_4_22
854	852	34	Collinsella	854	UMGS1282
1026	1024	78	Oscillibacter	1026	UMGS1448
1404	1402	33	Clostridium	1404	UMGS1808
1955	1953	112	Subdoligranulum	1955	UMGS475
1859	1857	34	Collinsella	1859	UMGS384
1405	1403	53	Fusobacterium	1405	UMGS1809
636	634	34	Collinsella	636	UMGS1077
1905	1903	34	Collinsella	1905	UMGS427
1694	1692	10	Anaeromassilibacillus	1694	UMGS220
2113	2111	47	Eubacterium	2113	UMGS631
1218	1216	44	Eggerthella	1218	UMGS1632
633	631	83	Paraprevotella	633	UMGS1073
1879	1877	3	Actinomyces	1879	UMGS402
477	475	20	Bifidobacterium	477	GCF_001025155
979	977	112	Subdoligranulum	979	UMGS1403
1228	1226	102	Ruminococcus	1228	UMGS1641
2339	2337	34	Collinsella	2339	UMGS844
931	929	102	Ruminococcus	931	UMGS1355
629	627	90	Porphyromonas	629	UMGS107
1062	1060	40	Dialister	1062	UMGS1481
1231	1229	105	Slackia	1231	UMGS1644
482	480	33	Clostridium	482	GCF_001078425
567	565	22	Blautia	567	UMGS1010
2201	2199	90	Porphyromonas	2201	UMGS713
371	369	28	Campylobacter	371	GCF_000238755
1379	1377	33	Clostridium	1379	UMGS1782
1416	1414	18	Bacteroides	1416	UMGS182
1654	1652	33	Clostridium	1654	UMGS2053
223	221	33	Clostridium	223	8080_1_78
1720	1718	99	Robinsoniella	1720	UMGS248
1467	1465	53	Fusobacterium	1467	UMGS1871
2103	2101	18	Bacteroides	2103	UMGS622
1817	1815	33	Clostridium	1817	UMGS341
563	561	91	Prevotella	563	UMGS1007
1172	1170	34	Collinsella	1172	UMGS1589
1787	1785	34	Collinsella	1787	UMGS312
2391	2389	34	Collinsella	2391	UMGS892
1426	1424	49	Faecalibacterium	1426	UMGS183
2114	2112	33	Clostridium	2114	UMGS632
1701	1699	33	Clostridium	1701	UMGS229
158	156	60	Klebsiella	158	20298_2_67
2051	2049	61	Lachnobacterium	2051	UMGS570
346	344	42	Dysgonomonas	346	GCF_000213555
939	937	8	Anaerococcus	939	UMGS1364
665	663	91	Prevotella	665	UMGS1103
2136	2134	34	Collinsella	2136	UMGS652
587	585	34	Collinsella	587	UMGS1030
1611	1609	33	Clostridium	1611	UMGS2011
2207	2205	34	Collinsella	2207	UMGS719
1630	1628	25	Butyricicoccus	1630	UMGS2030
1348	1346	65	Leuconostoc	1348	UMGS1753
2145	2143	47	Eubacterium	2145	UMGS660
416	414	18	Bacteroides	416	GCF_000382465
1979	1977	34	Collinsella	1979	UMGS498
1866	1864	34	Collinsella	1866	UMGS390
1872	1870	34	Collinsella	1872	UMGS397
1433	1431	7	Alistipes	1433	UMGS1837
250	248	102	Ruminococcus	250	GCF_000155205
1134	1132	33	Clostridium	1134	UMGS1553
2206	2204	115	Sutterella	2206	UMGS718
487	485	17	Bacillus	487	GCF_001243895
1007	1005	91	Prevotella	1007	UMGS1430
2296	2294	33	Clostridium	2296	UMGS803
1430	1428	34	Collinsella	1430	UMGS1834
1187	1185	33	Clostridium	1187	UMGS1604
1059	1057	115	Sutterella	1059	UMGS1479
230	228	64	Lactobacillus	230	GCF_000026505
1641	1639	90	Porphyromonas	1641	UMGS2040
380	378	69	Megamonas	380	GCF_000245775
2047	2045	39	Desulfovibrio	2047	UMGS567
968	966	107	Solobacterium	968	UMGS1391
66	64	33	Clostridium	66	13414_6_73
595	593	68	Massiliomicrobiota	595	UMGS1038
1504	1502	18	Bacteroides	1504	UMGS1909
1947	1945	44	Eggerthella	1947	UMGS468
5	3	7	Alistipes	5	11861_6_63
1956	1954	91	Prevotella	1956	UMGS476
1128	1126	3	Actinomyces	1128	UMGS1548
1013	1011	22	Blautia	1013	UMGS1436
1537	1535	37	Corynebacterium	1537	UMGS194
900	898	78	Oscillibacter	900	UMGS1325
28	26	110	Streptococcus	28	12718_7_70
1728	1726	34	Collinsella	1728	UMGS256
783	781	18	Bacteroides	783	UMGS1213
1697	1695	16	Azospirillum	1697	UMGS223
76	74	33	Clostridium	76	13470_2_78
2015	2013	102	Ruminococcus	2015	UMGS533
1677	1675	117	Veillonella	1677	UMGS2074
2049	2047	91	Prevotella	2049	UMGS569
1022	1020	34	Collinsella	1022	UMGS1444
2288	2286	33	Clostridium	2288	UMGS797
375	373	107	Solobacterium	375	GCF_000242175
2499	2497	102	Ruminococcus	2499	UMGS992
2446	2444	34	Collinsella	2446	UMGS943
774	772	18	Bacteroides	774	UMGS1205
308	306	18	Bacteroides	308	GCF_000162215
2238	2236	117	Veillonella	2238	UMGS749
858	856	33	Clostridium	858	UMGS1287
40	38	104	Selenomonas	40	13414_6_12
1285	1283	34	Collinsella	1285	UMGS1695
1972	1970	91	Prevotella	1972	UMGS490
2062	2060	34	Collinsella	2062	UMGS582
120	118	2	Acinetobacter	120	17138_5_74
2497	2495	33	Clostridium	2497	UMGS990
273	271	107	Solobacterium	273	GCF_000157995
1047	1045	107	Solobacterium	1047	UMGS1468
974	972	18	Bacteroides	974	UMGS1399
1707	1705	44	Eggerthella	1707	UMGS235
205	203	82	Parabacteroides	205	21673_4_33
844	842	78	Oscillibacter	844	UMGS1273
11	9	64	Lactobacillus	11	12718_7_17
331	329	110	Streptococcus	331	GCF_000187265
2467	2465	18	Bacteroides	2467	UMGS963
2157	2155	117	Veillonella	2157	UMGS672
424	422	1	Acidaminococcus	424	GCF_000411395
132	130	20	Bifidobacterium	132	18391_1_7
229	227	20	Bifidobacterium	229	GCF_000020425
240	238	50	Finegoldia	240	GCF_000154405
1989	1987	47	Eubacterium	1989	UMGS508
1669	1667	49	Faecalibacterium	1669	UMGS2067
1925	1923	34	Collinsella	1925	UMGS448
1567	1565	34	Collinsella	1567	UMGS1970
2200	2198	91	Prevotella	2200	UMGS712
646	644	34	Collinsella	646	UMGS1086
119	117	37	Corynebacterium	119	15841_8_88
353	351	34	Collinsella	353	GCF_000225705
1542	1540	22	Blautia	1542	UMGS1944
1980	1978	91	Prevotella	1980	UMGS499
2068	2066	34	Collinsella	2068	UMGS588
7	5	33	Clostridium	7	12718_7_10
1601	1599	34	Collinsella	1601	UMGS2002
1674	1672	3	Actinomyces	1674	UMGS2071
1521	1519	33	Clostridium	1521	UMGS1925
284	282	59	Helicobacter	284	GCF_000158435
2	0	33	Clostridium	2	11861_6_55
1896	1894	116	Treponema	1896	UMGS419
1429	1427	99	Robinsoniella	1429	UMGS1833
1541	1539	34	Collinsella	1541	UMGS1943
1216	1214	33	Clostridium	1216	UMGS1630
962	960	88	Phascolarctobacterium	962	UMGS1385
1189	1187	34	Collinsella	1189	UMGS1606
566	564	33	Clostridium	566	UMGS101
1764	1762	34	Collinsella	1764	UMGS292
848	846	34	Collinsella	848	UMGS1277
652	650	113	Succinatimonas	652	UMGS1092
361	359	33	Clostridium	361	GCF_000235505
2469	2467	47	Eubacterium	2469	UMGS965
930	928	34	Collinsella	930	UMGS1354
1006	1004	22	Blautia	1006	UMGS143
547	545	1	Acidaminococcus	547	GCF_900095825
2384	2382	107	Solobacterium	2384	UMGS886
586	584	107	Solobacterium	586	UMGS1029
307	305	18	Bacteroides	307	GCF_000162155
2135	2133	34	Collinsella	2135	UMGS651
607	605	75	Odoribacter	607	UMGS1049
198	196	64	Lactobacillus	198	20427_4_22
448	446	59	Helicobacter	448	GCF_000507865
483	481	115	Sutterella	483	GCF_001182045
1375	1373	34	Collinsella	1375	UMGS1779
2228	2226	102	Ruminococcus	2228	UMGS739
147	145	18	Bacteroides	147	20298_2_23
1851	1849	34	Collinsella	1851	UMGS377
160	158	92	Propionibacterium	160	20298_3_1
2070	2068	47	Eubacterium	2070	UMGS59
131	129	110	Streptococcus	131	18391_1_11
1822	1820	2	Acinetobacter	1822	UMGS347
312	310	117	Veillonella	312	GCF_000163735
1811	1809	22	Blautia	1811	UMGS335
1432	1430	34	Collinsella	1432	UMGS1836
2297	2295	34	Collinsella	2297	UMGS804
1200	1198	33	Clostridium	1200	UMGS1616
986	984	6	Akkermansia	986	UMGS141
396	394	86	Peptoniphilus	396	GCF_000311865
2007	2005	110	Streptococcus	2007	UMGS525
338	336	64	Lactobacillus	338	GCF_000192165
1747	1745	22	Blautia	1747	UMGS276
623	621	82	Parabacteroides	623	UMGS1064
1431	1429	34	Collinsella	1431	UMGS1835
282	280	33	Clostridium	282	GCF_000158375
627	625	53	Fusobacterium	627	UMGS1068
1700	1698	33	Clostridium	1700	UMGS228
1314	1312	34	Collinsella	1314	UMGS1720
2442	2440	34	Collinsella	2442	UMGS94
237	235	107	Solobacterium	237	GCF_000154285
1142	1140	113	Succinatimonas	1142	UMGS1560
1785	1783	34	Collinsella	1785	UMGS310
1317	1315	34	Collinsella	1317	UMGS1724
2084	2082	20	Bifidobacterium	2084	UMGS603
254	252	18	Bacteroides	254	GCF_000155815
2398	2396	91	Prevotella	2398	UMGS899
1135	1133	88	Phascolarctobacterium	1135	UMGS1554
10	8	64	Lactobacillus	10	12718_7_15
829	827	117	Veillonella	829	UMGS1259
1438	1436	34	Collinsella	1438	UMGS1841
2066	2064	34	Collinsella	2066	UMGS586
465	463	33	Clostridium	465	GCF_000820705
1825	1823	25	Butyricicoccus	1825	UMGS351
2349	2347	34	Collinsella	2349	UMGS853
2011	2009	33	Clostridium	2011	UMGS53
2335	2333	7	Alistipes	2335	UMGS840
2426	2424	102	Ruminococcus	2426	UMGS923
1480	1478	33	Clostridium	1480	UMGS1884
268	266	18	Bacteroides	268	GCF_000157015
1060	1058	16	Azospirillum	1060	UMGS148
1727	1725	88	Phascolarctobacterium	1727	UMGS255
162	160	46	Enterococcus	162	20298_3_12
583	581	34	Collinsella	583	UMGS1026
1512	1510	33	Clostridium	1512	UMGS1917
1863	1861	34	Collinsella	1863	UMGS388
1653	1651	34	Collinsella	1653	UMGS2052
430	428	92	Propionibacterium	430	GCF_000413335
2374	2372	34	Collinsella	2374	UMGS877
1834	1832	22	Blautia	1834	UMGS36
1269	1267	34	Collinsella	1269	UMGS1680
758	756	34	Collinsella	758	UMGS1190
2287	2285	91	Prevotella	2287	UMGS796
807	805	33	Clostridium	807	UMGS1238
2124	2122	34	Collinsella	2124	UMGS641
1798	1796	34	Collinsella	1798	UMGS322
2130	2128	82	Parabacteroides	2130	UMGS647
1471	1469	33	Clostridium	1471	UMGS1875
504	502	50	Finegoldia	504	GCF_001407835
1730	1728	64	Lactobacillus	1730	UMGS258
648	646	33	Clostridium	648	UMGS1088
2094	2092	115	Sutterella	2094	UMGS613
74	72	33	Clostridium	74	13470_2_75
1055	1053	34	Collinsella	1055	UMGS1475
351	349	102	Ruminococcus	351	GCF_000218465
2189	2187	34	Collinsella	2189	UMGS701
1464	1462	18	Bacteroides	1464	UMGS1869
839	837	47	Eubacterium	839	UMGS1269
336	334	102	Ruminococcus	336	GCF_000190355
861	859	33	Clostridium	861	UMGS129
1767	1765	34	Collinsella	1767	UMGS295
1579	1577	34	Collinsella	1579	UMGS1982
1086	1084	18	Bacteroides	1086	UMGS1505
450	448	95	Providencia	450	GCF_000527275
1571	1569	14	Anaerotruncus	1571	UMGS1974
695	693	26	Butyricimonas	695	UMGS1130
301	299	118	Weissella	301	GCF_000160575
2464	2462	33	Clostridium	2464	UMGS960
418	416	37	Corynebacterium	418	GCF_000403725
348	346	18	Bacteroides	348	GCF_000218325
2038	2036	33	Clostridium	2038	UMGS558
1536	1534	107	Solobacterium	1536	UMGS1939
1903	1901	34	Collinsella	1903	UMGS425
1496	1494	33	Clostridium	1496	UMGS1901
2231	2229	34	Collinsella	2231	UMGS741
251	249	33	Clostridium	251	GCF_000155435
388	386	33	Clostridium	388	GCF_000285575
427	425	111	Streptomyces	427	GCF_000411495
1014	1012	47	Eubacterium	1014	UMGS1437
362	360	91	Prevotella	362	GCF_000235885
1566	1564	102	Ruminococcus	1566	UMGS197
2116	2114	76	Olsenella	2116	UMGS634
859	857	33	Clostridium	859	UMGS1288
2306	2304	47	Eubacterium	2306	UMGS812
2176	2174	70	Megasphaera	2176	UMGS69
902	900	102	Ruminococcus	902	UMGS1327
2368	2366	18	Bacteroides	2368	UMGS871
1232	1230	91	Prevotella	1232	UMGS1645
170	168	110	Streptococcus	170	20298_3_24
152	150	46	Enterococcus	152	20298_2_33
780	778	7	Alistipes	780	UMGS1210
680	678	34	Collinsella	680	UMGS1117
208	206	22	Blautia	208	21673_4_38
768	766	7	Alistipes	768	UMGS120
2170	2168	34	Collinsella	2170	UMGS684
1270	1268	33	Clostridium	1270	UMGS1681
1775	1773	34	Collinsella	1775	UMGS301
888	886	33	Clostridium	888	UMGS1314
1290	1288	33	Clostridium	1290	UMGS17
2006	2004	107	Solobacterium	2006	UMGS524
2365	2363	107	Solobacterium	2365	UMGS869
704	702	34	Collinsella	704	UMGS1139
993	991	34	Collinsella	993	UMGS1417
1908	1906	36	Coprococcus	1908	UMGS43
1620	1618	34	Collinsella	1620	UMGS2021
116	114	48	Exiguobacterium	116	14672_4_4
2086	2084	102	Ruminococcus	2086	UMGS605
1118	1116	102	Ruminococcus	1118	UMGS1538
1551	1549	18	Bacteroides	1551	UMGS1954
278	276	53	Fusobacterium	278	GCF_000158235
1257	1255	33	Clostridium	1257	UMGS1669
1304	1302	33	Clostridium	1304	UMGS1711
1056	1054	33	Clostridium	1056	UMGS1476
265	263	95	Providencia	265	GCF_000156395
447	445	59	Helicobacter	447	GCF_000507845
1833	1831	40	Dialister	1833	UMGS359
1350	1348	34	Collinsella	1350	UMGS1755
115	113	46	Enterococcus	115	14670_1_61
1888	1886	88	Phascolarctobacterium	1888	UMGS411
1514	1512	34	Collinsella	1514	UMGS1919
726	724	34	Collinsella	726	UMGS1160
826	824	60	Klebsiella	826	UMGS1256
1732	1730	44	Eggerthella	1732	UMGS26
2326	2324	91	Prevotella	2326	UMGS832
1326	1324	34	Collinsella	1326	UMGS1732
38	36	109	Staphylococcus	38	13154_4_43
2258	2256	91	Prevotella	2258	UMGS769
2184	2182	18	Bacteroides	2184	UMGS698
2069	2067	34	Collinsella	2069	UMGS589
2318	2316	117	Veillonella	2318	UMGS823
707	705	44	Eggerthella	707	UMGS1142
811	809	34	Collinsella	811	UMGS1242
45	43	22	Blautia	45	13414_6_20
1283	1281	70	Megasphaera	1283	UMGS1693
2212	2210	34	Collinsella	2212	UMGS724
135	133	102	Ruminococcus	135	20287_6_33
1725	1723	49	Faecalibacterium	1725	UMGS253
691	689	36	Coprococcus	691	UMGS1127
1082	1080	40	Dialister	1082	UMGS1500
741	739	34	Collinsella	741	UMGS1174
70	68	18	Bacteroides	70	13470_2_65
550	548	70	Megasphaera	550	GCF_900095855
1478	1476	102	Ruminococcus	1478	UMGS1882
1439	1437	34	Collinsella	1439	UMGS1842
2432	2430	38	Cryptobacterium	2432	UMGS93
662	660	34	Collinsella	662	UMGS1100
344	342	22	Blautia	344	GCF_000209425
958	956	44	Eggerthella	958	UMGS1381
149	147	93	Propionimicrobium	149	20298_2_29
1140	1138	7	Alistipes	1140	UMGS1559
1414	1412	97	Pseudomonas	1414	UMGS1818
1513	1511	91	Prevotella	1513	UMGS1918
1600	1598	88	Phascolarctobacterium	1600	UMGS2001
129	127	33	Clostridium	129	18048_2_85
2081	2079	33	Clostridium	2081	UMGS600
1692	1690	18	Bacteroides	1692	UMGS219
367	365	17	Bacillus	367	GCF_000238655
1096	1094	33	Clostridium	1096	UMGS1516
454	452	17	Bacillus	454	GCF_000612625
916	914	61	Lachnobacterium	916	UMGS1340
625	623	100	Roseburia	625	UMGS1066
1003	1001	39	Desulfovibrio	1003	UMGS1427
1771	1769	34	Collinsella	1771	UMGS299
1344	1342	14	Anaerotruncus	1344	UMGS175
287	285	79	Oxalobacter	287	GCF_000158495
339	337	18	Bacteroides	339	GCF_000195635
1712	1710	70	Megasphaera	1712	UMGS24
1088	1086	34	Collinsella	1088	UMGS1508
1545	1543	44	Eggerthella	1545	UMGS1948
1446	1444	102	Ruminococcus	1446	UMGS185
1916	1914	115	Sutterella	1916	UMGS439
1070	1068	16	Azospirillum	1070	UMGS149
2105	2103	18	Bacteroides	2105	UMGS624
2247	2245	47	Eubacterium	2247	UMGS758
2002	2000	33	Clostridium	2002	UMGS52
125	123	20	Bifidobacterium	125	18048_1_93
1440	1438	33	Clostridium	1440	UMGS1843
320	318	18	Bacteroides	320	GCF_000172175
2202	2200	34	Collinsella	2202	UMGS714
2133	2131	16	Azospirillum	2133	UMGS65
1452	1450	54	Garciella	1452	UMGS1857
2465	2463	25	Butyricicoccus	2465	UMGS961
1063	1061	34	Collinsella	1063	UMGS1482
1565	1563	34	Collinsella	1565	UMGS1969
2409	2407	83	Paraprevotella	2409	UMGS908
512	510	3	Actinomyces	512	GCF_001457875
2274	2272	34	Collinsella	2274	UMGS784
1968	1966	34	Collinsella	1968	UMGS487
2461	2459	117	Veillonella	2461	UMGS958
297	295	18	Bacteroides	297	GCF_000159855
259	257	45	Enterobacter	259	GCF_000155995
1177	1175	18	Bacteroides	1177	UMGS1595
543	541	26	Butyricimonas	543	GCF_900091675
1820	1818	39	Desulfovibrio	1820	UMGS344
1590	1588	33	Clostridium	1590	UMGS1992
1339	1337	38	Cryptobacterium	1339	UMGS1745
1644	1642	34	Collinsella	1644	UMGS2043
1962	1960	34	Collinsella	1962	UMGS481
211	209	19	Barnesiella	211	21673_4_5
484	482	8	Anaerococcus	484	GCF_001182725
991	989	22	Blautia	991	UMGS1415
2034	2032	18	Bacteroides	2034	UMGS552
1659	1657	34	Collinsella	1659	UMGS2058
228	226	50	Finegoldia	228	GCF_000010185
1449	1447	33	Clostridium	1449	UMGS1852
1236	1234	33	Clostridium	1236	UMGS1649
1422	1420	25	Butyricicoccus	1422	UMGS1825
1635	1633	117	Veillonella	1635	UMGS2035
967	965	91	Prevotella	967	UMGS1390
1535	1533	42	Dysgonomonas	1535	UMGS1938
127	125	22	Blautia	127	18048_2_67
1221	1219	91	Prevotella	1221	UMGS1635
2000	1998	34	Collinsella	2000	UMGS518
1284	1282	40	Dialister	1284	UMGS1694
1229	1227	33	Clostridium	1229	UMGS1642
1129	1127	34	Collinsella	1129	UMGS1549
1555	1553	69	Megamonas	1555	UMGS1959
2085	2083	22	Blautia	2085	UMGS604
1853	1851	34	Collinsella	1853	UMGS379
635	633	34	Collinsella	635	UMGS1075
1250	1248	102	Ruminococcus	1250	UMGS1662
808	806	61	Lachnobacterium	808	UMGS1239
440	438	107	Solobacterium	440	GCF_000469305
225	223	33	Clostridium	225	8080_1_81
990	988	57	Granulicatella	990	UMGS1414
1664	1662	110	Streptococcus	1664	UMGS2062
46	44	18	Bacteroides	46	13414_6_24
1303	1301	18	Bacteroides	1303	UMGS1710
2447	2445	33	Clostridium	2447	UMGS944
1816	1814	102	Ruminococcus	1816	UMGS340
1824	1822	33	Clostridium	1824	UMGS35
1950	1948	88	Phascolarctobacterium	1950	UMGS470
1408	1406	102	Ruminococcus	1408	UMGS1811
2311	2309	34	Collinsella	2311	UMGS817
467	465	17	Bacillus	467	GCF_000821085
471	469	97	Pseudomonas	471	GCF_000826105
933	931	22	Blautia	933	UMGS1357
146	144	65	Leuconostoc	146	20298_2_19
1743	1741	44	Eggerthella	1743	UMGS272
1804	1802	18	Bacteroides	1804	UMGS328
2410	2408	34	Collinsella	2410	UMGS909
1922	1920	34	Collinsella	1922	UMGS445
22	20	45	Enterobacter	22	12718_7_49
69	67	18	Bacteroides	69	13470_2_64
1760	1758	34	Collinsella	1760	UMGS289
2505	2503	39	Desulfovibrio	2505	UMGS998
62	60	22	Blautia	62	13414_6_66
1794	1792	34	Collinsella	1794	UMGS319
2440	2438	34	Collinsella	2440	UMGS938
2427	2425	34	Collinsella	2427	UMGS925
702	700	82	Parabacteroides	702	UMGS1137
1633	1631	36	Coprococcus	1633	UMGS2033
1498	1496	102	Ruminococcus	1498	UMGS1903
1779	1777	34	Collinsella	1779	UMGS305
597	595	34	Collinsella	597	UMGS104
275	273	33	Clostridium	275	GCF_000158075
717	715	34	Collinsella	717	UMGS1152
2441	2439	10	Anaeromassilibacillus	2441	UMGS939
1842	1840	107	Solobacterium	1842	UMGS367
1127	1125	117	Veillonella	1127	UMGS1547
895	893	91	Prevotella	895	UMGS1320
1986	1984	56	Gemmiger	1986	UMGS504
1004	1002	91	Prevotella	1004	UMGS1428
379	377	35	Coprobacillus	379	GCF_000244855
1777	1775	34	Collinsella	1777	UMGS303
349	347	102	Ruminococcus	349	GCF_000218385
249	247	33	Clostridium	249	GCF_000155085
753	751	34	Collinsella	753	UMGS1186
830	828	78	Oscillibacter	830	UMGS126
